landlord,building_name,address,description,space_type,floor_suite,size_sqft,rent,contact_role,contact_name,contact_email,contact_phone,source_url,scraped_at,neighborhood,lat,lng
The Durst Organization,One World Trade Center,1155 Avenue of the Americas 1133 Avenue,"Column-Free Floor. Highest Leasable Office in Western Hemisphere. 21' Slab-to-Slab Heights. Panoramic Views of Midtown Manhattan. 45,951 SF Block if Leased with Penthouse I.. Home to New York City’s largest TAMI (technology, advertising, media, information) tenant community, One World Trade Center’s state-of-the-art architectural, environmental, and structural design combines with unmatched convenience, ample amenities, and a vibrant neighborhood to inspire innovation, productivity, and success. Well& by Durst on the 64th floor of the iconic tower provides tenants with a space that invigorates, inspires, and fosters connections. This amenity floor features a delectable menu of freshly prepared seasonal meals, exclusive curated events, and state-of-the-art meeting, event, and lounge spaces, all designed to seamlessly facilitate business services",Office,Penthouse II,45951,Upon Request,Inquiry form,,,,https://www.durst.org/properties/one-world-trade-center,2026-07-20T08:53:18Z,,40.756678,-73.983372
The Durst Organization,One World Trade Center,1155 Avenue of the Americas 1133 Avenue,"360-Degree NYC Views. Highest Leasable Office in Western Hemisphere. 23' Slab-to-Slab Heights. 45,961 SF Block if Leased with Penthouse II.. Home to New York City’s largest TAMI (technology, advertising, media, information) tenant community, One World Trade Center’s state-of-the-art architectural, environmental, and structural design combines with unmatched convenience, ample amenities, and a vibrant neighborhood to inspire innovation, productivity, and success. Well& by Durst on the 64th floor of the iconic tower provides tenants with a space that invigorates, inspires, and fosters connections. This amenity floor features a delectable menu of freshly prepared seasonal meals, exclusive curated events, and state-of-the-art meeting, event, and lounge spaces, all designed to seamlessly facilitate business services",Office,Penthouse I,45951,Upon Request,Inquiry form,,,,https://www.durst.org/properties/one-world-trade-center,2026-07-20T08:53:18Z,,40.756678,-73.983372
The Durst Organization,One World Trade Center,1155 Avenue of the Americas 1133 Avenue,"• Fully Customizable • 13'4"" Slab-to-Slab • Views of NY Harbor and East River. Home to New York City’s largest TAMI (technology, advertising, media, information) tenant community, One World Trade Center’s state-of-the-art architectural, environmental, and structural design combines with unmatched convenience, ample amenities, and a vibrant neighborhood to inspire innovation, productivity, and success. Well& by Durst on the 64th floor of the iconic tower provides tenants with a space that invigorates, inspires, and fosters connections. This amenity floor features a delectable menu of freshly prepared seasonal meals, exclusive curated events, and state-of-the-art meeting, event, and lounge spaces, all designed to seamlessly facilitate business services",Office,Partial Floor 79 D,11033,Upon Request,Inquiry form,,,,https://www.durst.org/properties/one-world-trade-center,2026-07-20T08:53:18Z,,40.756678,-73.983372
The Durst Organization,One World Trade Center,1155 Avenue of the Americas 1133 Avenue,"• Available Immediately • Fully Customizable. Home to New York City’s largest TAMI (technology, advertising, media, information) tenant community, One World Trade Center’s state-of-the-art architectural, environmental, and structural design combines with unmatched convenience, ample amenities, and a vibrant neighborhood to inspire innovation, productivity, and success. Well& by Durst on the 64th floor of the iconic tower provides tenants with a space that invigorates, inspires, and fosters connections. This amenity floor features a delectable menu of freshly prepared seasonal meals, exclusive curated events, and state-of-the-art meeting, event, and lounge spaces, all designed to seamlessly facilitate business services",Office,Entire Floor 73,40144,Upon Request,Inquiry form,,,,https://www.durst.org/properties/one-world-trade-center,2026-07-20T08:53:18Z,,40.756678,-73.983372
The Durst Organization,One World Trade Center,1155 Avenue of the Americas 1133 Avenue,"• Premium Move-In Ready Office Space • Blended Open and Private Office Layout • Fully Furnished with Knoll Furniture • LED Lighting • Fully Wired (Durst Ready prebuilt). Home to New York City’s largest TAMI (technology, advertising, media, information) tenant community, One World Trade Center’s state-of-the-art architectural, environmental, and structural design combines with unmatched convenience, ample amenities, and a vibrant neighborhood to inspire innovation, productivity, and success. Well& by Durst on the 64th floor of the iconic tower provides tenants with a space that invigorates, inspires, and fosters connections. This amenity floor features a delectable menu of freshly prepared seasonal meals, exclusive curated events, and state-of-the-art meeting, event, and lounge spaces, all designed to seamlessly facilitate business services",Office,Partial Floor 71 J,9499,Upon Request,Inquiry form,,,,https://www.durst.org/properties/one-world-trade-center,2026-07-20T08:53:18Z,,40.756678,-73.983372
The Durst Organization,One World Trade Center,1155 Avenue of the Americas 1133 Avenue,"Built Space. Home to New York City’s largest TAMI (technology, advertising, media, information) tenant community, One World Trade Center’s state-of-the-art architectural, environmental, and structural design combines with unmatched convenience, ample amenities, and a vibrant neighborhood to inspire innovation, productivity, and success. Well& by Durst on the 64th floor of the iconic tower provides tenants with a space that invigorates, inspires, and fosters connections. This amenity floor features a delectable menu of freshly prepared seasonal meals, exclusive curated events, and state-of-the-art meeting, event, and lounge spaces, all designed to seamlessly facilitate business services",Office,Partial Floor 46 P,2578,Upon Request,Inquiry form,,,,https://www.durst.org/properties/one-world-trade-center,2026-07-20T08:53:18Z,,40.756678,-73.983372
The Durst Organization,One World Trade Center,1155 Avenue of the Americas 1133 Avenue,"Built Space. Arranged Possession.. Home to New York City’s largest TAMI (technology, advertising, media, information) tenant community, One World Trade Center’s state-of-the-art architectural, environmental, and structural design combines with unmatched convenience, ample amenities, and a vibrant neighborhood to inspire innovation, productivity, and success. Well& by Durst on the 64th floor of the iconic tower provides tenants with a space that invigorates, inspires, and fosters connections. This amenity floor features a delectable menu of freshly prepared seasonal meals, exclusive curated events, and state-of-the-art meeting, event, and lounge spaces, all designed to seamlessly facilitate business services",Office,Partial Floor 46C,2556,Upon Request,Inquiry form,,,,https://www.durst.org/properties/one-world-trade-center,2026-07-20T08:53:18Z,,40.756678,-73.983372
The Durst Organization,One Five One,1155 Avenue of the Americas 1133 Avenue,"Superb Views of the Midtown West Skyline and Beyond. Boasting dramatic views, excellent natural light, inspiring outdoor terraces, generous ceiling heights, and expansive column-friendly floor plates, One Five One offers unrivaled future-focused workspace in an incomparable location",Office,Entire 25,37768,Upon Request,Inquiry form,,,,https://www.durst.org/properties/One-Five-One,2026-07-20T08:53:18Z,,40.756678,-73.983372
The Durst Organization,One Five One,1155 Avenue of the Americas 1133 Avenue,"Boasting dramatic views, excellent natural light, inspiring outdoor terraces, generous ceiling heights, and expansive column-friendly floor plates, One Five One offers unrivaled future-focused workspace in an incomparable location",Office,Partial Floor 24,18747,Upon Request,Inquiry form,,,,https://www.durst.org/properties/One-Five-One,2026-07-20T08:53:18Z,,40.756678,-73.983372
The Durst Organization,One Five One,1155 Avenue of the Americas 1133 Avenue,"Boasting dramatic views, excellent natural light, inspiring outdoor terraces, generous ceiling heights, and expansive column-friendly floor plates, One Five One offers unrivaled future-focused workspace in an incomparable location",Office,Partial Floor 22,9638,Upon Request,Inquiry form,,,,https://www.durst.org/properties/One-Five-One,2026-07-20T08:53:18Z,,40.756678,-73.983372
The Durst Organization,One Five One,1155 Avenue of the Americas 1133 Avenue,"Completed Whitebox. Bryant Park & 42nd Street Views. 20' Slab-to-Slab Height.. Boasting dramatic views, excellent natural light, inspiring outdoor terraces, generous ceiling heights, and expansive column-friendly floor plates, One Five One offers unrivaled future-focused workspace in an incomparable location",Office,Partial Floor 3,24336,Upon Request,Inquiry form,,,,https://www.durst.org/properties/One-Five-One,2026-07-20T08:53:18Z,,40.756678,-73.983372
The Durst Organization,One Five One,1155 Avenue of the Americas 1133 Avenue,"Prime Bow-Tie Retail Opportunity. LED Signage Included. Lower Level Storage / Selling Space Available.. Boasting dramatic views, excellent natural light, inspiring outdoor terraces, generous ceiling heights, and expansive column-friendly floor plates, One Five One offers unrivaled future-focused workspace in an incomparable location",Retail,Partial Ground Floor,40498,Upon Request,Inquiry form,,,,https://www.durst.org/properties/One-Five-One,2026-07-20T08:53:18Z,,40.756678,-73.983372
The Durst Organization,One Five One,1155 Avenue of the Americas 1133 Avenue,"Up to16,956 SF with 1,255 SF of Ground Level Space with 21' of 43rd Street frontage. Ideal for fitness / wellness use. 500K Corporate Employees within a 1/2 Mile Radius.. Boasting dramatic views, excellent natural light, inspiring outdoor terraces, generous ceiling heights, and expansive column-friendly floor plates, One Five One offers unrivaled future-focused workspace in an incomparable location",Retail,Partial Ground Floor - 43rd St,16956,Upon Request,Inquiry form,,,,https://www.durst.org/properties/One-Five-One,2026-07-20T08:53:18Z,,40.756678,-73.983372
The Durst Organization,1155 Avenue of the Americas,1155 Avenue of the Americas 1133 Avenue,"Built Space. Office Intensive Layout.. Refined through a $130 million capital improvement program, 1155 Avenue of the Americas presents signature office opportunities suited to a wide range of tenants, from law firms and private equity funds to visionary tech companies. Standing on the western blockfront of Avenue of the Americas between 44th and 45th Streets, significant architectural enhancements made to the property include a landscaped entry plaza on West 44th Street; dramatic, light-filled lobby with security desks clad back-lit sea glass; turnstile security access; destination dispatch elevator controls; newly appointed elevator cabs; and luminous chamfered corners",Office,Entire Floor 26,16563,Upon Request,Inquiry form,,,,https://www.durst.org/properties/1155-avenue-of-the-americas,2026-07-20T08:53:18Z,,40.756678,-73.983372
The Durst Organization,1155 Avenue of the Americas,1155 Avenue of the Americas 1133 Avenue,"Premium Move-In Ready Office Space. Open Plan Layout. Fully Furnished With Knoll Furniture. Sit/Stand Desks. LED Lighting. Fully Wired. (Durst Ready prebuilt). Refined through a $130 million capital improvement program, 1155 Avenue of the Americas presents signature office opportunities suited to a wide range of tenants, from law firms and private equity funds to visionary tech companies. Standing on the western blockfront of Avenue of the Americas between 44th and 45th Streets, significant architectural enhancements made to the property include a landscaped entry plaza on West 44th Street; dramatic, light-filled lobby with security desks clad back-lit sea glass; turnstile security access; destination dispatch elevator controls; newly appointed elevator cabs; and luminous chamfered corners",Office,Partial 19,4468,Upon Request,Inquiry form,,,,https://www.durst.org/properties/1155-avenue-of-the-americas,2026-07-20T08:53:18Z,,40.756678,-73.983372
The Durst Organization,1155 Avenue of the Americas,1155 Avenue of the Americas 1133 Avenue,"Recently Renovated Prebuilt.. Refined through a $130 million capital improvement program, 1155 Avenue of the Americas presents signature office opportunities suited to a wide range of tenants, from law firms and private equity funds to visionary tech companies. Standing on the western blockfront of Avenue of the Americas between 44th and 45th Streets, significant architectural enhancements made to the property include a landscaped entry plaza on West 44th Street; dramatic, light-filled lobby with security desks clad back-lit sea glass; turnstile security access; destination dispatch elevator controls; newly appointed elevator cabs; and luminous chamfered corners",Office,Partial Floor 18,4429,Upon Request,Inquiry form,,,,https://www.durst.org/properties/1155-avenue-of-the-americas,2026-07-20T08:53:18Z,,40.756678,-73.983372
The Durst Organization,1155 Avenue of the Americas,1155 Avenue of the Americas 1133 Avenue,"Build-to-Suit Opportunity. Available Immediately.. Refined through a $130 million capital improvement program, 1155 Avenue of the Americas presents signature office opportunities suited to a wide range of tenants, from law firms and private equity funds to visionary tech companies. Standing on the western blockfront of Avenue of the Americas between 44th and 45th Streets, significant architectural enhancements made to the property include a landscaped entry plaza on West 44th Street; dramatic, light-filled lobby with security desks clad back-lit sea glass; turnstile security access; destination dispatch elevator controls; newly appointed elevator cabs; and luminous chamfered corners",Office,Partial 3 *,18584,Upon Request,Inquiry form,,,,https://www.durst.org/properties/1155-avenue-of-the-americas,2026-07-20T08:53:18Z,,40.756678,-73.983372
The Durst Organization,1155 Avenue of the Americas,1155 Avenue of the Americas 1133 Avenue,"70' of Prime Avenue of the Americas Frontage. Corner Retail Adjacent to Lobby Entrance. Additional Ground Floor Space Can Be Made Available. Up to 6,000 SF Lower Level Available.. Refined through a $130 million capital improvement program, 1155 Avenue of the Americas presents signature office opportunities suited to a wide range of tenants, from law firms and private equity funds to visionary tech companies. Standing on the western blockfront of Avenue of the Americas between 44th and 45th Streets, significant architectural enhancements made to the property include a landscaped entry plaza on West 44th Street; dramatic, light-filled lobby with security desks clad back-lit sea glass; turnstile security access; destination dispatch elevator controls; newly appointed elevator cabs; and luminous chamfered corners",Retail,Partial Ground Floor Retail,8281,Upon Request,Inquiry form,,,,https://www.durst.org/properties/1155-avenue-of-the-americas,2026-07-20T08:53:18Z,,40.756678,-73.983372
The Durst Organization,Sven,1155 Avenue of the Americas 1133 Avenue,"Steps from Queens Plaza subway entrance. Adjacent to Residential Lobby. 21'-2"" slab height.. Opened in 2022 and designed by Handel Architects with interior amenities designed by Selldorf Architects, Sven is a 71-story residential tower in Long Island City, which incorporates the best of design and technology",Retail,Retail 5,1392,Upon Request,Inquiry form,,,,https://www.durst.org/properties/Sven,2026-07-20T08:53:18Z,,40.756678,-73.983372
The Durst Organization,Sven,1155 Avenue of the Americas 1133 Avenue,"Dramatic double-height space with mezzanine. 29'-1"" Ceiling Heights. Steps from Queens Plaza subway entrance.. Opened in 2022 and designed by Handel Architects with interior amenities designed by Selldorf Architects, Sven is a 71-story residential tower in Long Island City, which incorporates the best of design and technology",Retail,Retail 3,4719,Upon Request,Inquiry form,,,,https://www.durst.org/properties/Sven,2026-07-20T08:53:18Z,,40.756678,-73.983372
The Durst Organization,1133 Avenue of the Americas,1155 Avenue of the Americas 1133 Avenue,"Full Floor Opportunity. Space to be Delivered Raw. Superb Midtown and West Side Views. 116k Contiguous Block Available. Arranged Possession.. With its limestone façade and sleek modernist lines, 1133 Avenue of the Americas led the transformation of Sixth Avenue into a global business hub. Located between 43rd and 44th streets, the tower maintains a distinctive presence overlooking Bryant Park",Office,Entire 42,23456,Upon Request,Inquiry form,,,,https://www.durst.org/properties/1133-avenue-of-the-americas,2026-07-20T08:53:18Z,,40.756678,-73.983372
The Durst Organization,1133 Avenue of the Americas,1155 Avenue of the Americas 1133 Avenue,"With its limestone façade and sleek modernist lines, 1133 Avenue of the Americas led the transformation of Sixth Avenue into a global business hub. Located between 43rd and 44th streets, the tower maintains a distinctive presence overlooking Bryant Park",Office,Entire Floor 41,23456,Upon Request,Inquiry form,,,,https://www.durst.org/properties/1133-avenue-of-the-americas,2026-07-20T08:53:18Z,,40.756678,-73.983372
The Durst Organization,1133 Avenue of the Americas,1155 Avenue of the Americas 1133 Avenue,"Full Floor Opportunity. Space to be Delivered Raw. Superb Midtown and West Side Views. 116k Contiguous Block Available. Arranged Possession.. With its limestone façade and sleek modernist lines, 1133 Avenue of the Americas led the transformation of Sixth Avenue into a global business hub. Located between 43rd and 44th streets, the tower maintains a distinctive presence overlooking Bryant Park",Office,Entire 40,22872,Upon Request,Inquiry form,,,,https://www.durst.org/properties/1133-avenue-of-the-americas,2026-07-20T08:53:18Z,,40.756678,-73.983372
The Durst Organization,1133 Avenue of the Americas,1155 Avenue of the Americas 1133 Avenue,"Full Floor Opportunity. Space to be Delivered Raw. Superb Midtown and West Side Views. 116k Contiguous Block Available. Arranged Possession.. With its limestone façade and sleek modernist lines, 1133 Avenue of the Americas led the transformation of Sixth Avenue into a global business hub. Located between 43rd and 44th streets, the tower maintains a distinctive presence overlooking Bryant Park",Office,Entire 39,22872,Upon Request,Inquiry form,,,,https://www.durst.org/properties/1133-avenue-of-the-americas,2026-07-20T08:53:18Z,,40.756678,-73.983372
The Durst Organization,1133 Avenue of the Americas,1155 Avenue of the Americas 1133 Avenue,"Full Floor, Build-toSuit Opportunity. Floor to be Delivered Raw. Superb Midtown and West Side Views.. With its limestone façade and sleek modernist lines, 1133 Avenue of the Americas led the transformation of Sixth Avenue into a global business hub. Located between 43rd and 44th streets, the tower maintains a distinctive presence overlooking Bryant Park",Office,Entire Floor 38,22858,Upon Request,Inquiry form,,,,https://www.durst.org/properties/1133-avenue-of-the-americas,2026-07-20T08:53:18Z,,40.756678,-73.983372
The Durst Organization,1133 Avenue of the Americas,1155 Avenue of the Americas 1133 Avenue,"Full-Floor Presence. Build-to-Suit Opportunity. Exceptional Light and Midtown West Views.. With its limestone façade and sleek modernist lines, 1133 Avenue of the Americas led the transformation of Sixth Avenue into a global business hub. Located between 43rd and 44th streets, the tower maintains a distinctive presence overlooking Bryant Park",Office,Entire 31,22915,Upon Request,Inquiry form,,,,https://www.durst.org/properties/1133-avenue-of-the-americas,2026-07-20T08:53:18Z,,40.756678,-73.983372
The Durst Organization,1133 Avenue of the Americas,1155 Avenue of the Americas 1133 Avenue,"Full-Floor, Build-to-Suit Opportunity. Floor to be Delivered Raw. Superb Midtown and West Side Views.. With its limestone façade and sleek modernist lines, 1133 Avenue of the Americas led the transformation of Sixth Avenue into a global business hub. Located between 43rd and 44th streets, the tower maintains a distinctive presence overlooking Bryant Park",Office,Partial 30,11458,Upon Request,Inquiry form,,,,https://www.durst.org/properties/1133-avenue-of-the-americas,2026-07-20T08:53:18Z,,40.756678,-73.983372
The Durst Organization,1133 Avenue of the Americas,1155 Avenue of the Americas 1133 Avenue,"Built Space. Perimeter Offices & Open Work Layout. Superb Views of Midtown & Bryant Park.. With its limestone façade and sleek modernist lines, 1133 Avenue of the Americas led the transformation of Sixth Avenue into a global business hub. Located between 43rd and 44th streets, the tower maintains a distinctive presence overlooking Bryant Park",Office,Entire 17 *,22111,Upon Request,Inquiry form,,,,https://www.durst.org/properties/1133-avenue-of-the-americas,2026-07-20T08:53:18Z,,40.756678,-73.983372
The Durst Organization,1133 Avenue of the Americas,1155 Avenue of the Americas 1133 Avenue,"Premium Move-In Ready Office Space. Blended Open and Private Office Layout. Fully Furnished and Wired. Sit/Stand Desks. LED Lighting. (Durst Ready prebuilt). With its limestone façade and sleek modernist lines, 1133 Avenue of the Americas led the transformation of Sixth Avenue into a global business hub. Located between 43rd and 44th streets, the tower maintains a distinctive presence overlooking Bryant Park",Office,Entire Floor 16,22111,Upon Request,Inquiry form,,,,https://www.durst.org/properties/1133-avenue-of-the-americas,2026-07-20T08:53:18Z,,40.756678,-73.983372
The Durst Organization,1133 Avenue of the Americas,1155 Avenue of the Americas 1133 Avenue,"Modern Buildout. Efficient Blended Layout. Exceptional Light and Midtown Views.. With its limestone façade and sleek modernist lines, 1133 Avenue of the Americas led the transformation of Sixth Avenue into a global business hub. Located between 43rd and 44th streets, the tower maintains a distinctive presence overlooking Bryant Park",Office,Entire Floor 14,8906,Upon Request,Inquiry form,,,,https://www.durst.org/properties/1133-avenue-of-the-americas,2026-07-20T08:53:18Z,,40.756678,-73.983372
The Durst Organization,1133 Avenue of the Americas,1155 Avenue of the Americas 1133 Avenue,"Built Space. Exceptional Light and Midtown Views.. With its limestone façade and sleek modernist lines, 1133 Avenue of the Americas led the transformation of Sixth Avenue into a global business hub. Located between 43rd and 44th streets, the tower maintains a distinctive presence overlooking Bryant Park",Office,Partial Floor 6,11700,Upon Request,Inquiry form,,,,https://www.durst.org/properties/1133-avenue-of-the-americas,2026-07-20T08:53:18Z,,40.756678,-73.983372
The Durst Organization,1133 Avenue of the Americas,1155 Avenue of the Americas 1133 Avenue,"Built Space. Exceptional Light and Midtown Views. (Durst Ready prebuilt). With its limestone façade and sleek modernist lines, 1133 Avenue of the Americas led the transformation of Sixth Avenue into a global business hub. Located between 43rd and 44th streets, the tower maintains a distinctive presence overlooking Bryant Park",Office,Partial 6,3273,Upon Request,Inquiry form,,,,https://www.durst.org/properties/1133-avenue-of-the-americas,2026-07-20T08:53:18Z,,40.756678,-73.983372
The Durst Organization,Halletts Point,1155 Avenue of the Americas 1133 Avenue,"Approximate 133' of Frontage. 12"" Slab-to-Slab Heights. All-Glass Storefront. Accommodation for Outdoor Seating Available. Vented for Cooking.. Halletts Point is a vibrant new development along the picturesque East River waterfront in Astoria, Queens",Retail,Retail 4,2298,Upon Request,Inquiry form,,,,https://www.durst.org/properties/halletts-point,2026-07-20T08:53:18Z,,40.756678,-73.983372
The Durst Organization,Halletts Point,1155 Avenue of the Americas 1133 Avenue,"Approximate 93' of Frontage. 13'10""-18'6"" Slab-to-Slab Heights. All-Glass Storefront. Corner Location Next to Building Entrance. Vented for Cooking.. Halletts Point is a vibrant new development along the picturesque East River waterfront in Astoria, Queens",Retail,Retail 2,2206,Upon Request,Inquiry form,,,,https://www.durst.org/properties/halletts-point,2026-07-20T08:53:18Z,,40.756678,-73.983372
The Durst Organization,Halletts Point,1155 Avenue of the Americas 1133 Avenue,"Approximate 115' of Frontage. 14'6"" Slab-to-Slab Heights. All-Glass Storefront.. Halletts Point is a vibrant new development along the picturesque East River waterfront in Astoria, Queens",Retail,Retail 1,2198,Upon Request,Inquiry form,,,,https://www.durst.org/properties/halletts-point,2026-07-20T08:53:18Z,,40.756678,-73.983372
The Durst Organization,Halletts Point,1155 Avenue of the Americas 1133 Avenue,"• Seeking food trucks, farmers markets, sport complex, entertainment users, and more • Flexible and/or short lease terms • Delivered in current condition. Halletts Point is a vibrant new development along the picturesque East River waterfront in Astoria, Queens",Retail,40-50 Site,97980,Upon Request,Inquiry form,,,,https://www.durst.org/properties/halletts-point,2026-07-20T08:53:18Z,,40.756678,-73.983372
The Durst Organization,114 West 47,114 West,"A Headquarters Opportunity in the Heart of Midtown. 26 Stories, 600,000 SF.. 114 West 47 presents a rare full-building headquarters opportunity of 26 stories and 600,000 square feet. Positioned along the dynamic Sixth Avenue corridor, the building brings together identity, prestige, outdoor space, light, and views at a single address",Office,"Entire 3-15, 17, 22-26",600000,Upon Request,Inquiry form,,,,https://www.durst.org/properties/114-west-47,2026-07-20T08:53:18Z,,40.80101,-73.95175
The Durst Organization,825 Third Avenue,825 Third Avenue,"61,000SF Contiguous Block Available. Sweeping city and river views. Top-of-house exclusivity. Dynamic View glass installed in all windows automatically tints to mitigate direct sun and reduce glare.. 825 Third Avenue is thoroughly reimagined through a $150 million capital improvement program focused on performance, tenant comfort, modern aesthetics, and operational efficiency. From state-of-the-art MEP systems and dynamic glass windows to an exclusive tenant amenity space and industry-leading green building practices, 825 Third’s lifestyle-centric design defines the future of possibility",Office,Top of House 36-40,61000,Upon Request,Inquiry form,,,,https://www.durst.org/properties/825-third-avenue,2026-07-20T08:53:18Z,,40.755856,-73.97017
The Durst Organization,825 Third Avenue,825 Third Avenue,"Sweeping city and river views. Top-of-house exclusivity. Dynamic View glass installed in all windows automatically tints to mitigate direct sun and reduce glare.. 825 Third Avenue is thoroughly reimagined through a $150 million capital improvement program focused on performance, tenant comfort, modern aesthetics, and operational efficiency. From state-of-the-art MEP systems and dynamic glass windows to an exclusive tenant amenity space and industry-leading green building practices, 825 Third’s lifestyle-centric design defines the future of possibility",Office,Top of House 31,11145,Upon Request,Inquiry form,,,,https://www.durst.org/properties/825-third-avenue,2026-07-20T08:53:18Z,,40.755856,-73.97017
The Durst Organization,825 Third Avenue,825 Third Avenue,"Sweeping city and river views. Top-of-house exclusivity. Dynamic View glass installed in all windows automatically tints to mitigate direct sun and reduce glare.. 825 Third Avenue is thoroughly reimagined through a $150 million capital improvement program focused on performance, tenant comfort, modern aesthetics, and operational efficiency. From state-of-the-art MEP systems and dynamic glass windows to an exclusive tenant amenity space and industry-leading green building practices, 825 Third’s lifestyle-centric design defines the future of possibility",Office,Top of House 30,11856,Upon Request,Inquiry form,,,,https://www.durst.org/properties/825-third-avenue,2026-07-20T08:53:18Z,,40.755856,-73.97017
The Durst Organization,825 Third Avenue,825 Third Avenue,"Premium Move-In Ready Office Space. Boutique Floorplate. Dynamic View glass automatically tints to mitigate direct sun & reduce glare. Divisible. (Durst Ready prebuilt). 825 Third Avenue is thoroughly reimagined through a $150 million capital improvement program focused on performance, tenant comfort, modern aesthetics, and operational efficiency. From state-of-the-art MEP systems and dynamic glass windows to an exclusive tenant amenity space and industry-leading green building practices, 825 Third’s lifestyle-centric design defines the future of possibility",Office,Partial DurstReady 29,5230,Upon Request,Inquiry form,,,,https://www.durst.org/properties/825-third-avenue,2026-07-20T08:53:18Z,,40.755856,-73.97017
The Durst Organization,825 Third Avenue,825 Third Avenue,"Boutique Floorplate. Dynamic View Glass Automatically Tints to Mitigate Direct Sun and Reduce Glare. Premium Move-In Ready Office Space. Blended Open and Private Office Layout. (Durst Ready prebuilt). 825 Third Avenue is thoroughly reimagined through a $150 million capital improvement program focused on performance, tenant comfort, modern aesthetics, and operational efficiency. From state-of-the-art MEP systems and dynamic glass windows to an exclusive tenant amenity space and industry-leading green building practices, 825 Third’s lifestyle-centric design defines the future of possibility",Office,Partial DurstReady 28,6079,Upon Request,Inquiry form,,,,https://www.durst.org/properties/825-third-avenue,2026-07-20T08:53:18Z,,40.755856,-73.97017
The Durst Organization,825 Third Avenue,825 Third Avenue,"Recently completed $150 Million+ capital improvement program. State-of-the-art MEP systems with integrated BMS and digital twin. New entrance, lobby, amenity, and retail storefronts.. 825 Third Avenue is thoroughly reimagined through a $150 million capital improvement program focused on performance, tenant comfort, modern aesthetics, and operational efficiency. From state-of-the-art MEP systems and dynamic glass windows to an exclusive tenant amenity space and industry-leading green building practices, 825 Third’s lifestyle-centric design defines the future of possibility",Office,Partial 25,3784,Upon Request,Inquiry form,,,,https://www.durst.org/properties/825-third-avenue,2026-07-20T08:53:18Z,,40.755856,-73.97017
The Durst Organization,825 Third Avenue,825 Third Avenue,"Boutique floorplates. Floor-through sightlines punctuated by long-range views. Dynamic View Glass Installed in All Windows Automatically Tints to Mitigate Direct Sun and Reduce Glare.. 825 Third Avenue is thoroughly reimagined through a $150 million capital improvement program focused on performance, tenant comfort, modern aesthetics, and operational efficiency. From state-of-the-art MEP systems and dynamic glass windows to an exclusive tenant amenity space and industry-leading green building practices, 825 Third’s lifestyle-centric design defines the future of possibility",Office,Tower Floor 27,11816,Upon Request,Inquiry form,,,,https://www.durst.org/properties/825-third-avenue,2026-07-20T08:53:18Z,,40.755856,-73.97017
The Durst Organization,825 Third Avenue,825 Third Avenue,"Boutique Floorplate. Dynamic View glass automatically tints to mitigate direct sun & reduce glare. Premium Move-In Ready Office Space. Blended Open & Private Office Layout. Fully Furnished & Wired. (Durst Ready prebuilt). 825 Third Avenue is thoroughly reimagined through a $150 million capital improvement program focused on performance, tenant comfort, modern aesthetics, and operational efficiency. From state-of-the-art MEP systems and dynamic glass windows to an exclusive tenant amenity space and industry-leading green building practices, 825 Third’s lifestyle-centric design defines the future of possibility",Office,Partial DurstReady 20,5451,Upon Request,Inquiry form,,,,https://www.durst.org/properties/825-third-avenue,2026-07-20T08:53:18Z,,40.755856,-73.97017
The Durst Organization,825 Third Avenue,825 Third Avenue,"Boutique Floorplate Above Standard Finishes Premium Move-In Ready Office Space Blended Open & Private Office Layout Fully Furnished & Wired (Durst Ready prebuilt). 825 Third Avenue is thoroughly reimagined through a $150 million capital improvement program focused on performance, tenant comfort, modern aesthetics, and operational efficiency. From state-of-the-art MEP systems and dynamic glass windows to an exclusive tenant amenity space and industry-leading green building practices, 825 Third’s lifestyle-centric design defines the future of possibility",Office,DurstReady 17,5556,Upon Request,Inquiry form,,,,https://www.durst.org/properties/825-third-avenue,2026-07-20T08:53:18Z,,40.755856,-73.97017
The Durst Organization,825 Third Avenue,825 Third Avenue,"Floor-Through Sightlines Enhanced by Large Windows and Ample Light.. 825 Third Avenue is thoroughly reimagined through a $150 million capital improvement program focused on performance, tenant comfort, modern aesthetics, and operational efficiency. From state-of-the-art MEP systems and dynamic glass windows to an exclusive tenant amenity space and industry-leading green building practices, 825 Third’s lifestyle-centric design defines the future of possibility",Office,Podium Floors 6-8 & 11,19377,Upon Request,Inquiry form,,,,https://www.durst.org/properties/825-third-avenue,2026-07-20T08:53:18Z,,40.755856,-73.97017
The Durst Organization,825 Third Avenue,825 Third Avenue,"Prime Location Fronting Third Avenue.1,051 SF Lower Level Available. New Storefronts. 17’-6” to 20’ Ceiling Heights.. 825 Third Avenue is thoroughly reimagined through a $150 million capital improvement program focused on performance, tenant comfort, modern aesthetics, and operational efficiency. From state-of-the-art MEP systems and dynamic glass windows to an exclusive tenant amenity space and industry-leading green building practices, 825 Third’s lifestyle-centric design defines the future of possibility",Retail,Ground Floor Retail A,2506,Upon Request,Inquiry form,,,,https://www.durst.org/properties/825-third-avenue,2026-07-20T08:53:18Z,,40.755856,-73.97017
The Durst Organization,11 Grand Central East,11 Grand Central East,"Full Floor Presence. Midtown Views.. Standing on the southeast corner of Third Avenue and 46th Street, 11 Grand Central East (formerly 733 Third Avenue) received a number of lobby upgrades and underwent a building-wide window replacement program. The property also features 7,107 SF of green roofs and exclusive outdoor terraces for tenants to enjoy. 11 Grand Central East achieved LEED Gold certification under the LEED v4 Existing Buildings: Operations + Maintenance standard and was recertified in 2024, demonstrating The Durst Organization's commitment to sustainability",Office,Entire 24,7442,Upon Request,Inquiry form,,,,https://www.durst.org/properties/11-grand-central-east,2026-07-20T08:53:18Z,,40.752908,-73.972198
The Durst Organization,11 Grand Central East,11 Grand Central East,"Built Space. Contiguous Block of Up to 15k SF Available. Arranged Possession. Standing on the southeast corner of Third Avenue and 46th Street, 11 Grand Central East (formerly 733 Third Avenue) received a number of lobby upgrades and underwent a building-wide window replacement program. The property also features 7,107 SF of green roofs and exclusive outdoor terraces for tenants to enjoy. 11 Grand Central East achieved LEED Gold certification under the LEED v4 Existing Buildings: Operations + Maintenance standard and was recertified in 2024, demonstrating The Durst Organization's commitment to sustainability",Office,Entire 23,7442,Upon Request,Inquiry form,,,,https://www.durst.org/properties/11-grand-central-east,2026-07-20T08:53:18Z,,40.752908,-73.972198
The Durst Organization,11 Grand Central East,11 Grand Central East,"Exposed Brick and Ceilings. Premium Built Space. Available January 2027. Furniture not included, shown for space representation.. Standing on the southeast corner of Third Avenue and 46th Street, 11 Grand Central East (formerly 733 Third Avenue) received a number of lobby upgrades and underwent a building-wide window replacement program. The property also features 7,107 SF of green roofs and exclusive outdoor terraces for tenants to enjoy. 11 Grand Central East achieved LEED Gold certification under the LEED v4 Existing Buildings: Operations + Maintenance standard and was recertified in 2024, demonstrating The Durst Organization's commitment to sustainability",Office,Suite 1725,10964,Upon Request,Inquiry form,,,,https://www.durst.org/properties/11-grand-central-east,2026-07-20T08:53:18Z,,40.752908,-73.972198
The Durst Organization,11 Grand Central East,11 Grand Central East,"New window and perimeter induction units to promote tenant comfort and energy efficiency. Green roofs and exclusive outdoor terraces. LEED GOLD Certification under LEEDv4 Existing Building: Operations. Standing on the southeast corner of Third Avenue and 46th Street, 11 Grand Central East (formerly 733 Third Avenue) received a number of lobby upgrades and underwent a building-wide window replacement program. The property also features 7,107 SF of green roofs and exclusive outdoor terraces for tenants to enjoy. 11 Grand Central East achieved LEED Gold certification under the LEED v4 Existing Buildings: Operations + Maintenance standard and was recertified in 2024, demonstrating The Durst Organization's commitment to sustainability",Office,Partial 17,1781,Upon Request,Inquiry form,,,,https://www.durst.org/properties/11-grand-central-east,2026-07-20T08:53:18Z,,40.752908,-73.972198
The Durst Organization,11 Grand Central East,11 Grand Central East,"Premium Move-In Ready Office Space. Blended Open and Private Office Layout. Fully Furnished with Knoll Furniture. Sit/Stand Desks. LED Lighting. Fully Wired. (Durst Ready prebuilt). Standing on the southeast corner of Third Avenue and 46th Street, 11 Grand Central East (formerly 733 Third Avenue) received a number of lobby upgrades and underwent a building-wide window replacement program. The property also features 7,107 SF of green roofs and exclusive outdoor terraces for tenants to enjoy. 11 Grand Central East achieved LEED Gold certification under the LEED v4 Existing Buildings: Operations + Maintenance standard and was recertified in 2024, demonstrating The Durst Organization's commitment to sustainability",Office,Partial Floor 10,7190,Upon Request,Inquiry form,,,,https://www.durst.org/properties/11-grand-central-east,2026-07-20T08:53:18Z,,40.752908,-73.972198
The Durst Organization,11 Grand Central East,11 Grand Central East,"Up to 100k SF Contiguous Block Available. Ground Floor Private Entrance Available.. Standing on the southeast corner of Third Avenue and 46th Street, 11 Grand Central East (formerly 733 Third Avenue) received a number of lobby upgrades and underwent a building-wide window replacement program. The property also features 7,107 SF of green roofs and exclusive outdoor terraces for tenants to enjoy. 11 Grand Central East achieved LEED Gold certification under the LEED v4 Existing Buildings: Operations + Maintenance standard and was recertified in 2024, demonstrating The Durst Organization's commitment to sustainability",Office,Partial 5,100700,Upon Request,Inquiry form,,,,https://www.durst.org/properties/11-grand-central-east,2026-07-20T08:53:18Z,,40.752908,-73.972198
The Durst Organization,11 Grand Central East,11 Grand Central East,"Up to 100k SF Contiguous Block Available. Ground Floor Private Entrance Available.. Standing on the southeast corner of Third Avenue and 46th Street, 11 Grand Central East (formerly 733 Third Avenue) received a number of lobby upgrades and underwent a building-wide window replacement program. The property also features 7,107 SF of green roofs and exclusive outdoor terraces for tenants to enjoy. 11 Grand Central East achieved LEED Gold certification under the LEED v4 Existing Buildings: Operations + Maintenance standard and was recertified in 2024, demonstrating The Durst Organization's commitment to sustainability",Office,Entire 4,100700,Upon Request,Inquiry form,,,,https://www.durst.org/properties/11-grand-central-east,2026-07-20T08:53:18Z,,40.752908,-73.972198
The Durst Organization,11 Grand Central East,11 Grand Central East,"Up to 100k Contiguous Block Available. Ground Floor Private Entrance Available.. Standing on the southeast corner of Third Avenue and 46th Street, 11 Grand Central East (formerly 733 Third Avenue) received a number of lobby upgrades and underwent a building-wide window replacement program. The property also features 7,107 SF of green roofs and exclusive outdoor terraces for tenants to enjoy. 11 Grand Central East achieved LEED Gold certification under the LEED v4 Existing Buildings: Operations + Maintenance standard and was recertified in 2024, demonstrating The Durst Organization's commitment to sustainability",Office,Partial Floor 3,100700,Upon Request,Inquiry form,,,,https://www.durst.org/properties/11-grand-central-east,2026-07-20T08:53:18Z,,40.752908,-73.972198
The Durst Organization,11 Grand Central East,11 Grand Central East,"Up to 100k Contiguous Block Available. Ground Floor Private Entrance Available.. Standing on the southeast corner of Third Avenue and 46th Street, 11 Grand Central East (formerly 733 Third Avenue) received a number of lobby upgrades and underwent a building-wide window replacement program. The property also features 7,107 SF of green roofs and exclusive outdoor terraces for tenants to enjoy. 11 Grand Central East achieved LEED Gold certification under the LEED v4 Existing Buildings: Operations + Maintenance standard and was recertified in 2024, demonstrating The Durst Organization's commitment to sustainability",Office,Partial Floor 2,100700,Upon Request,Inquiry form,,,,https://www.durst.org/properties/11-grand-central-east,2026-07-20T08:53:18Z,,40.752908,-73.972198
The Durst Organization,11 Grand Central East,11 Grand Central East,"Prime Corner Retail Location with 45' of Frontage Along Third Avenue. Moments from Grand Central. Ideal for Dry Goods or Food Use with Heavy Office, Hotel, and Residential Foot Traffic.. Standing on the southeast corner of Third Avenue and 46th Street, 11 Grand Central East (formerly 733 Third Avenue) received a number of lobby upgrades and underwent a building-wide window replacement program. The property also features 7,107 SF of green roofs and exclusive outdoor terraces for tenants to enjoy. 11 Grand Central East achieved LEED Gold certification under the LEED v4 Existing Buildings: Operations + Maintenance standard and was recertified in 2024, demonstrating The Durst Organization's commitment to sustainability",Retail,Corner Ground Floor Retail,4006,Upon Request,Inquiry form,,,,https://www.durst.org/properties/11-grand-central-east,2026-07-20T08:53:18Z,,40.752908,-73.972198
The Durst Organization,5 Grand Central East,5 Grand Central East,"One block from Grand Central Terminal. Renovated lobby includes a new concierge desk and turnstiles. Green roofs and exclusive outdoor terraces.. Conveniently located one block from Grand Central Terminal on Midtown East's highly desirable Third Avenue corridor, 5 Grand Central East (formerly 655 Third Avenue) features a renovated lobby, double glazed windows that deflect glare and reduce heat gain, and 4,775 square feet of green roofs. The building recently achieved Gold certification under LEED v4 Existing Buildings: Operations + Maintenance, reflecting the successful implementation of Durst’s portfolio-wide sustainable policies and procedures",Office,Entire Floor 25,5719,Upon Request,Inquiry form,,,,https://www.durst.org/properties/5-grand-central-east,2026-07-20T08:53:18Z,,40.750253,-73.974423
The Durst Organization,5 Grand Central East,5 Grand Central East,"Superb Views of Midtown East. Potential Terrace Opportunity. One block from Grand Central Terminal. Green roofs and exclusive outdoor terraces.. Conveniently located one block from Grand Central Terminal on Midtown East's highly desirable Third Avenue corridor, 5 Grand Central East (formerly 655 Third Avenue) features a renovated lobby, double glazed windows that deflect glare and reduce heat gain, and 4,775 square feet of green roofs. The building recently achieved Gold certification under LEED v4 Existing Buildings: Operations + Maintenance, reflecting the successful implementation of Durst’s portfolio-wide sustainable policies and procedures",Office,Entire 22,5728,Upon Request,Inquiry form,,,,https://www.durst.org/properties/5-grand-central-east,2026-07-20T08:53:18Z,,40.750253,-73.974423
The Durst Organization,5 Grand Central East,5 Grand Central East,"Built Space. Office-Intensive Layout. Midtown and East River Views.. Conveniently located one block from Grand Central Terminal on Midtown East's highly desirable Third Avenue corridor, 5 Grand Central East (formerly 655 Third Avenue) features a renovated lobby, double glazed windows that deflect glare and reduce heat gain, and 4,775 square feet of green roofs. The building recently achieved Gold certification under LEED v4 Existing Buildings: Operations + Maintenance, reflecting the successful implementation of Durst’s portfolio-wide sustainable policies and procedures",Office,Entire Floor 20,7340,Upon Request,Inquiry form,,,,https://www.durst.org/properties/5-grand-central-east,2026-07-20T08:53:18Z,,40.750253,-73.974423
The Durst Organization,5 Grand Central East,5 Grand Central East,"Built Space. Blended Layout with Perimeter Offices.. Conveniently located one block from Grand Central Terminal on Midtown East's highly desirable Third Avenue corridor, 5 Grand Central East (formerly 655 Third Avenue) features a renovated lobby, double glazed windows that deflect glare and reduce heat gain, and 4,775 square feet of green roofs. The building recently achieved Gold certification under LEED v4 Existing Buildings: Operations + Maintenance, reflecting the successful implementation of Durst’s portfolio-wide sustainable policies and procedures",Office,Partial 18,3979,Upon Request,Inquiry form,,,,https://www.durst.org/properties/5-grand-central-east,2026-07-20T08:53:18Z,,40.750253,-73.974423
The Durst Organization,5 Grand Central East,5 Grand Central East,"Full Floor Presence. Sweeping Midtown Views. Whitebox Pending.. Conveniently located one block from Grand Central Terminal on Midtown East's highly desirable Third Avenue corridor, 5 Grand Central East (formerly 655 Third Avenue) features a renovated lobby, double glazed windows that deflect glare and reduce heat gain, and 4,775 square feet of green roofs. The building recently achieved Gold certification under LEED v4 Existing Buildings: Operations + Maintenance, reflecting the successful implementation of Durst’s portfolio-wide sustainable policies and procedures",Office,Entire Floor 16,16194,Upon Request,Inquiry form,,,,https://www.durst.org/properties/5-grand-central-east,2026-07-20T08:53:18Z,,40.750253,-73.974423
The Durst Organization,5 Grand Central East,5 Grand Central East,"Built Corner Unit. Great Light.. Conveniently located one block from Grand Central Terminal on Midtown East's highly desirable Third Avenue corridor, 5 Grand Central East (formerly 655 Third Avenue) features a renovated lobby, double glazed windows that deflect glare and reduce heat gain, and 4,775 square feet of green roofs. The building recently achieved Gold certification under LEED v4 Existing Buildings: Operations + Maintenance, reflecting the successful implementation of Durst’s portfolio-wide sustainable policies and procedures",Office,Partial Floor 15,6664,Upon Request,Inquiry form,,,,https://www.durst.org/properties/5-grand-central-east,2026-07-20T08:53:18Z,,40.750253,-73.974423
The Durst Organization,5 Grand Central East,5 Grand Central East,"One block from Grand Central Terminal. Renovated lobby includes a new concierge desk and turnstiles. Green roofs and exclusive outdoor terraces.. Conveniently located one block from Grand Central Terminal on Midtown East's highly desirable Third Avenue corridor, 5 Grand Central East (formerly 655 Third Avenue) features a renovated lobby, double glazed windows that deflect glare and reduce heat gain, and 4,775 square feet of green roofs. The building recently achieved Gold certification under LEED v4 Existing Buildings: Operations + Maintenance, reflecting the successful implementation of Durst’s portfolio-wide sustainable policies and procedures",Office,Partial 14,4767,Upon Request,Inquiry form,,,,https://www.durst.org/properties/5-grand-central-east,2026-07-20T08:53:18Z,,40.750253,-73.974423
The Durst Organization,5 Grand Central East,5 Grand Central East,"Built Space. Office Intensive Layout. Potential to Combine with Adjacent Suite for 21,977 SF. Conveniently located one block from Grand Central Terminal on Midtown East's highly desirable Third Avenue corridor, 5 Grand Central East (formerly 655 Third Avenue) features a renovated lobby, double glazed windows that deflect glare and reduce heat gain, and 4,775 square feet of green roofs. The building recently achieved Gold certification under LEED v4 Existing Buildings: Operations + Maintenance, reflecting the successful implementation of Durst’s portfolio-wide sustainable policies and procedures",Office,Partial 11,21977,Upon Request,Inquiry form,,,,https://www.durst.org/properties/5-grand-central-east,2026-07-20T08:53:18Z,,40.750253,-73.974423
The Durst Organization,5 Grand Central East,5 Grand Central East,"Midtown, 42nd Street, and East River Views. Divisions Considered. Potential to Combine with Adjacent Suites for Full Floor.. Conveniently located one block from Grand Central Terminal on Midtown East's highly desirable Third Avenue corridor, 5 Grand Central East (formerly 655 Third Avenue) features a renovated lobby, double glazed windows that deflect glare and reduce heat gain, and 4,775 square feet of green roofs. The building recently achieved Gold certification under LEED v4 Existing Buildings: Operations + Maintenance, reflecting the successful implementation of Durst’s portfolio-wide sustainable policies and procedures",Office,Partial Floor 9,13069,Upon Request,Inquiry form,,,,https://www.durst.org/properties/5-grand-central-east,2026-07-20T08:53:18Z,,40.750253,-73.974423
The Durst Organization,5 Grand Central East,5 Grand Central East,"One block from Grand Central Terminal. Renovated lobby includes a new concierge desk and turnstiles. Green roofs and exclusive outdoor terraces. LEED Gold certification under LEED v4 Existing Build.. Conveniently located one block from Grand Central Terminal on Midtown East's highly desirable Third Avenue corridor, 5 Grand Central East (formerly 655 Third Avenue) features a renovated lobby, double glazed windows that deflect glare and reduce heat gain, and 4,775 square feet of green roofs. The building recently achieved Gold certification under LEED v4 Existing Buildings: Operations + Maintenance, reflecting the successful implementation of Durst’s portfolio-wide sustainable policies and procedures",Office,Partial Floor 7,13742,Upon Request,Inquiry form,,,,https://www.durst.org/properties/5-grand-central-east,2026-07-20T08:53:18Z,,40.750253,-73.974423
The Durst Organization,Historic Front Street,1155 Avenue of the Americas 1133 Avenue,"Alternate Dry Good Uses Considered. All Glass Storefront. Four Steps Above Grade. Interior Accentuated with Historical. Detailing and Materials. 25' of Frontage. 16' Ceilings.. Historic Front Street is an award-winning restoration of 11 landmarked buildings and the design and construction of three new buildings. Comprising nearly an entire city block on Front Street between Beekman Street and Peck Slip in the South Street Seaport Historic District, the properties include 95 residential rental units and 15 street level retail stores. The restoration and revitalization of Historic Front Street respects the character, scale and history of the area while becoming an important part of a revitalized 24/7 downtown that has seen extraordinary growth over the last decade. Lower Manhattan is now one of New York’s most desirable residential neighborhoods with a vibrant mix of housing, shopping, parks and cultural attractions. The addition of the Fulton Street Transit Center and World Trade Center Transit Hub makes Historic Front Street one of the most accessible areas in the City. Awards AIA National Housing Award, Multifamily Housing, 2008 Honor Award for Housing Design, AIA-NY/Boston Society of Architects, 2006 MASterworks Award for Best Residential Construction, Municipal Art Society, 2006 Lucy G. Moses Preservation Award, New York Landmarks Conservancy, 2006 Cha",Retail,220 Front Street,800,Upon Request,Inquiry form,,,,https://www.durst.org/properties/historic-front-street,2026-07-20T08:53:18Z,,40.756678,-73.983372
The Durst Organization,Historic Front Street,1155 Avenue of the Americas 1133 Avenue,"Fully Built, Double Storefront Restaurant. Dining, Private Dining, Enclosed Patio, and Two Bar Spaces. Substantially Equipped Commercial Kitchen. 52' of Frontage.. Historic Front Street is an award-winning restoration of 11 landmarked buildings and the design and construction of three new buildings. Comprising nearly an entire city block on Front Street between Beekman Street and Peck Slip in the South Street Seaport Historic District, the properties include 95 residential rental units and 15 street level retail stores. The restoration and revitalization of Historic Front Street respects the character, scale and history of the area while becoming an important part of a revitalized 24/7 downtown that has seen extraordinary growth over the last decade. Lower Manhattan is now one of New York’s most desirable residential neighborhoods with a vibrant mix of housing, shopping, parks and cultural attractions. The addition of the Fulton Street Transit Center and World Trade Center Transit Hub makes Historic Front Street one of the most accessible areas in the City. Awards AIA National Housing Award, Multifamily Housing, 2008 Honor Award for Housing Design, AIA-NY/Boston Society of Architects, 2006 MASterworks Award for Best Residential Construction, Municipal Art Society, 2006 Lucy G. Moses Preservation Award, New York Landmarks Conservancy, 2006 Cha",Retail,227 Front Street,2824,Upon Request,Inquiry form,,,,https://www.durst.org/properties/historic-front-street,2026-07-20T08:53:18Z,,40.756678,-73.983372
The Durst Organization,Historic Front Street,1155 Avenue of the Americas 1133 Avenue,"Opportunity For a Superb Restaurant Buildout. Fully Equipped and Vented Commercial Kitchen. Currently Planned With Central Bar and Peripheral Dining. 27' of Frontage.. Historic Front Street is an award-winning restoration of 11 landmarked buildings and the design and construction of three new buildings. Comprising nearly an entire city block on Front Street between Beekman Street and Peck Slip in the South Street Seaport Historic District, the properties include 95 residential rental units and 15 street level retail stores. The restoration and revitalization of Historic Front Street respects the character, scale and history of the area while becoming an important part of a revitalized 24/7 downtown that has seen extraordinary growth over the last decade. Lower Manhattan is now one of New York’s most desirable residential neighborhoods with a vibrant mix of housing, shopping, parks and cultural attractions. The addition of the Fulton Street Transit Center and World Trade Center Transit Hub makes Historic Front Street one of the most accessible areas in the City. Awards AIA National Housing Award, Multifamily Housing, 2008 Honor Award for Housing Design, AIA-NY/Boston Society of Architects, 2006 MASterworks Award for Best Residential Construction, Municipal Art Society, 2006 Lucy G. Moses Preservation Award, New York Landmarks Conservancy, 2006 Cha",Retail,229 Front Street,1881,Upon Request,Inquiry form,,,,https://www.durst.org/properties/historic-front-street,2026-07-20T08:53:18Z,,40.756678,-73.983372
