landlord,building_name,address,description,space_type,floor_suite,size_sqft,rent,contact_role,contact_name,contact_email,contact_phone,source_url,scraped_at,neighborhood,lat,lng,image_url
Paramount Group,31 West 52nd Street,31 West 52nd Street,"Designed by Kevin Roche John Dinkeloo & Associates, 31 West 52nd Street is a Class A, twenty-nine-story, approximately 770,000 square foot office tower located between Fifth Avenue and Avenue of the Americas in the heart of Midtown Manhattan. Its newly renovated lobby features an elegant granite-clad and aluminum framed glass curtain wall façade with four-story granite columns at both entrances on 52nd and 53rd Streets. The building’s west façade features a continuous row of 69’ high columns forming a magnificent backdrop to its fully landscaped public plaza which includes a sculpture by well-known artist, Jesus Bautista Morales. Five subway lines are located within three blocks of the property, while numerous luxury hotels, museum (including the MoMa) and upscale retail stores and restaurants surround the building.",Office,Entire Floor 2,26490,Upon request,Leasing,Peter Brindley,pbrindley@pgre.com,212.237.3156,https://www.pgre.com/properties/3314546,2026-07-22T19:05:46Z,,40.76117,-73.97819,https://cdn-paramount-group.reol.com/paramount_group/img/e942744ad45bd1ea2a423a37ce6128dfad9486d4+720++0/paramountnyc_ewing_3052_copy_362.jpg
Paramount Group,31 West 52nd Street,31 West 52nd Street,"Designed by Kevin Roche John Dinkeloo & Associates, 31 West 52nd Street is a Class A, twenty-nine-story, approximately 770,000 square foot office tower located between Fifth Avenue and Avenue of the Americas in the heart of Midtown Manhattan. Its newly renovated lobby features an elegant granite-clad and aluminum framed glass curtain wall façade with four-story granite columns at both entrances on 52nd and 53rd Streets. The building’s west façade features a continuous row of 69’ high columns forming a magnificent backdrop to its fully landscaped public plaza which includes a sculpture by well-known artist, Jesus Bautista Morales. Five subway lines are located within three blocks of the property, while numerous luxury hotels, museum (including the MoMa) and upscale retail stores and restaurants surround the building.",Office,Entire Floor 3,39808,Upon request,Leasing,Peter Brindley,pbrindley@pgre.com,212.237.3156,https://www.pgre.com/properties/3314546,2026-07-22T19:05:46Z,,40.76117,-73.97819,https://cdn-paramount-group.reol.com/paramount_group/img/e942744ad45bd1ea2a423a37ce6128dfad9486d4+720++0/paramountnyc_ewing_3052_copy_362.jpg
Paramount Group,31 West 52nd Street,31 West 52nd Street,"Designed by Kevin Roche John Dinkeloo & Associates, 31 West 52nd Street is a Class A, twenty-nine-story, approximately 770,000 square foot office tower located between Fifth Avenue and Avenue of the Americas in the heart of Midtown Manhattan. Its newly renovated lobby features an elegant granite-clad and aluminum framed glass curtain wall façade with four-story granite columns at both entrances on 52nd and 53rd Streets. The building’s west façade features a continuous row of 69’ high columns forming a magnificent backdrop to its fully landscaped public plaza which includes a sculpture by well-known artist, Jesus Bautista Morales. Five subway lines are located within three blocks of the property, while numerous luxury hotels, museum (including the MoMa) and upscale retail stores and restaurants surround the building.",Office,Entire Floor 4,39862,Upon request,Leasing,Peter Brindley,pbrindley@pgre.com,212.237.3156,https://www.pgre.com/properties/3314546,2026-07-22T19:05:46Z,,40.76117,-73.97819,https://cdn-paramount-group.reol.com/paramount_group/img/e942744ad45bd1ea2a423a37ce6128dfad9486d4+720++0/paramountnyc_ewing_3052_copy_362.jpg
Paramount Group,1301 Avenue of the Americas,1301 Avenue of the Americas,"Designed by world-renowned architectural firm Skidmore, Owings & Merrill, 1301 Avenue of the Americas is a stunning forty-five-story office tower featuring over 1.7 million square feet of Class A office space that includes approximately 30,000 square feet of prominent retail space. Additionally, the building provides lower-level access to the tenant amenity center designed by David Rockwell, and direct access to Rockefeller Center, with its many upscale retail shops, fine dining establishments and subway connections. The building offers its tenants abundant natural light on all floors along with magnificent views of Central Park and other Midtown landmarks.",Office,,,,Leasing,Peter Brindley,pbrindley@pgre.com,212.237.3156,https://www.pgre.com/properties/3314552,2026-07-22T19:05:46Z,,40.76187,-73.97985,https://cdn-paramount-group.reol.com/paramount_group/img/166c8b5b28ecfc05d6b0cdb19552de0fa6b3a331+720++0/paramountnyc_ewing_2960_05_31_22.jpg
Paramount Group,1325 Avenue of the Americas,1325 Avenue of the Americas,"Built in 1989, 1325 Avenue of the Americas is a thirty-four-story, approximately 825,000 square foot building that boasts a modern infrastructure and features a newly renovated lobby with 27’ ceiling heights featuring a gas burning fireplace and polished dark grey barry granite walls. The building’s highly efficient floor plate, column-free floors – which allow for up to eight corner offices per floor – and exceptional light attract a wide range of industries. The building’s attributes, including its location, distinguish 1325 as a premier address. The property is in one of the most dynamic office corridors in Manhattan and is within walking distance of eight subway lines and Rockefeller Center.",Office,Partial Floor 12,11996,Upon request,Leasing,Peter Brindley,pbrindley@pgre.com,212.237.3156,https://www.pgre.com/properties/3314553,2026-07-22T19:05:46Z,,40.76286,-73.98087,https://cdn-paramount-group.reol.com/paramount_group/img/7b6045aac25c43369b6378e4ba37ea5168f0638e+720++0/paramountnyc_ewing_3364_05_31_22.jpg
Paramount Group,1325 Avenue of the Americas,1325 Avenue of the Americas,"Built in 1989, 1325 Avenue of the Americas is a thirty-four-story, approximately 825,000 square foot building that boasts a modern infrastructure and features a newly renovated lobby with 27’ ceiling heights featuring a gas burning fireplace and polished dark grey barry granite walls. The building’s highly efficient floor plate, column-free floors – which allow for up to eight corner offices per floor – and exceptional light attract a wide range of industries. The building’s attributes, including its location, distinguish 1325 as a premier address. The property is in one of the most dynamic office corridors in Manhattan and is within walking distance of eight subway lines and Rockefeller Center.",Office,Partial Floor 17,4720,Upon request,Leasing,Peter Brindley,pbrindley@pgre.com,212.237.3156,https://www.pgre.com/properties/3314553,2026-07-22T19:05:46Z,,40.76286,-73.98087,https://cdn-paramount-group.reol.com/paramount_group/img/7b6045aac25c43369b6378e4ba37ea5168f0638e+720++0/paramountnyc_ewing_3364_05_31_22.jpg
Paramount Group,1325 Avenue of the Americas,1325 Avenue of the Americas,"Built in 1989, 1325 Avenue of the Americas is a thirty-four-story, approximately 825,000 square foot building that boasts a modern infrastructure and features a newly renovated lobby with 27’ ceiling heights featuring a gas burning fireplace and polished dark grey barry granite walls. The building’s highly efficient floor plate, column-free floors – which allow for up to eight corner offices per floor – and exceptional light attract a wide range of industries. The building’s attributes, including its location, distinguish 1325 as a premier address. The property is in one of the most dynamic office corridors in Manhattan and is within walking distance of eight subway lines and Rockefeller Center.",Office,Partial Floor 20,9621,Upon request,Leasing,Peter Brindley,pbrindley@pgre.com,212.237.3156,https://www.pgre.com/properties/3314553,2026-07-22T19:05:46Z,,40.76286,-73.98087,https://cdn-paramount-group.reol.com/paramount_group/img/7b6045aac25c43369b6378e4ba37ea5168f0638e+720++0/paramountnyc_ewing_3364_05_31_22.jpg
Paramount Group,1325 Avenue of the Americas,1325 Avenue of the Americas,"Built in 1989, 1325 Avenue of the Americas is a thirty-four-story, approximately 825,000 square foot building that boasts a modern infrastructure and features a newly renovated lobby with 27’ ceiling heights featuring a gas burning fireplace and polished dark grey barry granite walls. The building’s highly efficient floor plate, column-free floors – which allow for up to eight corner offices per floor – and exceptional light attract a wide range of industries. The building’s attributes, including its location, distinguish 1325 as a premier address. The property is in one of the most dynamic office corridors in Manhattan and is within walking distance of eight subway lines and Rockefeller Center.",Office,Entire Floor 22A,24909,Upon request,Leasing,Peter Brindley,pbrindley@pgre.com,212.237.3156,https://www.pgre.com/properties/3314553,2026-07-22T19:05:46Z,,40.76286,-73.98087,https://cdn-paramount-group.reol.com/paramount_group/img/7b6045aac25c43369b6378e4ba37ea5168f0638e+720++0/paramountnyc_ewing_3364_05_31_22.jpg
Paramount Group,1325 Avenue of the Americas,1325 Avenue of the Americas,"Built in 1989, 1325 Avenue of the Americas is a thirty-four-story, approximately 825,000 square foot building that boasts a modern infrastructure and features a newly renovated lobby with 27’ ceiling heights featuring a gas burning fireplace and polished dark grey barry granite walls. The building’s highly efficient floor plate, column-free floors – which allow for up to eight corner offices per floor – and exceptional light attract a wide range of industries. The building’s attributes, including its location, distinguish 1325 as a premier address. The property is in one of the most dynamic office corridors in Manhattan and is within walking distance of eight subway lines and Rockefeller Center.",Office,Partial Floor 25,5424,Upon request,Leasing,Peter Brindley,pbrindley@pgre.com,212.237.3156,https://www.pgre.com/properties/3314553,2026-07-22T19:05:46Z,,40.76286,-73.98087,https://cdn-paramount-group.reol.com/paramount_group/img/7b6045aac25c43369b6378e4ba37ea5168f0638e+720++0/paramountnyc_ewing_3364_05_31_22.jpg
Paramount Group,1633 Broadway,1633 Broadway,"From its premier location to the unencumbered panoramic views, 1633 Broadway offers state-of-the art office space for a wide variety of leading industries. The forty-eight-story, 2.5 million square foot building offers expansive and efficient floor plates that offer a dynamic experience for today’s most discerning tenant in an environment unmatched in Midtown’s Central Business District. The property has direct access to the New York subway systems and is surrounded by some of the most popular and widely recognized cultural, entertainment, and retail destinations worldwide.",Office,Entire Floor 6,50033,Upon request,Leasing,Peter Brindley,pbrindley@pgre.com,212.237.3156,https://www.pgre.com/properties/3314543,2026-07-22T19:05:46Z,,40.76214,-73.98437,https://cdn-paramount-group.reol.com/paramount_group/img/57c17c7360ea85b0a6b65e78e5995752a546e3ee+720++0/paramountsf_ewing_4509_05_31_22.jpg
Paramount Group,1633 Broadway,1633 Broadway,"From its premier location to the unencumbered panoramic views, 1633 Broadway offers state-of-the art office space for a wide variety of leading industries. The forty-eight-story, 2.5 million square foot building offers expansive and efficient floor plates that offer a dynamic experience for today’s most discerning tenant in an environment unmatched in Midtown’s Central Business District. The property has direct access to the New York subway systems and is surrounded by some of the most popular and widely recognized cultural, entertainment, and retail destinations worldwide.",Office,Entire Floor 17,50706,Upon request,Leasing,Peter Brindley,pbrindley@pgre.com,212.237.3156,https://www.pgre.com/properties/3314543,2026-07-22T19:05:46Z,,40.76214,-73.98437,https://cdn-paramount-group.reol.com/paramount_group/img/57c17c7360ea85b0a6b65e78e5995752a546e3ee+720++0/paramountsf_ewing_4509_05_31_22.jpg
Paramount Group,1633 Broadway,1633 Broadway,"From its premier location to the unencumbered panoramic views, 1633 Broadway offers state-of-the art office space for a wide variety of leading industries. The forty-eight-story, 2.5 million square foot building offers expansive and efficient floor plates that offer a dynamic experience for today’s most discerning tenant in an environment unmatched in Midtown’s Central Business District. The property has direct access to the New York subway systems and is surrounded by some of the most popular and widely recognized cultural, entertainment, and retail destinations worldwide.",Office,Floor 28,51890,Upon request,Leasing,Peter Brindley,pbrindley@pgre.com,212.237.3156,https://www.pgre.com/properties/3314543,2026-07-22T19:05:46Z,,40.76214,-73.98437,https://cdn-paramount-group.reol.com/paramount_group/img/57c17c7360ea85b0a6b65e78e5995752a546e3ee+720++0/paramountsf_ewing_4509_05_31_22.jpg
Paramount Group,1633 Broadway,1633 Broadway,"From its premier location to the unencumbered panoramic views, 1633 Broadway offers state-of-the art office space for a wide variety of leading industries. The forty-eight-story, 2.5 million square foot building offers expansive and efficient floor plates that offer a dynamic experience for today’s most discerning tenant in an environment unmatched in Midtown’s Central Business District. The property has direct access to the New York subway systems and is surrounded by some of the most popular and widely recognized cultural, entertainment, and retail destinations worldwide.",Office,Entire Floor 32,52555,Upon request,Leasing,Peter Brindley,pbrindley@pgre.com,212.237.3156,https://www.pgre.com/properties/3314543,2026-07-22T19:05:46Z,,40.76214,-73.98437,https://cdn-paramount-group.reol.com/paramount_group/img/57c17c7360ea85b0a6b65e78e5995752a546e3ee+720++0/paramountsf_ewing_4509_05_31_22.jpg
Paramount Group,1633 Broadway,1633 Broadway,"From its premier location to the unencumbered panoramic views, 1633 Broadway offers state-of-the art office space for a wide variety of leading industries. The forty-eight-story, 2.5 million square foot building offers expansive and efficient floor plates that offer a dynamic experience for today’s most discerning tenant in an environment unmatched in Midtown’s Central Business District. The property has direct access to the New York subway systems and is surrounded by some of the most popular and widely recognized cultural, entertainment, and retail destinations worldwide.",Office,Entire Floor 39,53126,Upon request,Leasing,Peter Brindley,pbrindley@pgre.com,212.237.3156,https://www.pgre.com/properties/3314543,2026-07-22T19:05:46Z,,40.76214,-73.98437,https://cdn-paramount-group.reol.com/paramount_group/img/57c17c7360ea85b0a6b65e78e5995752a546e3ee+720++0/paramountsf_ewing_4509_05_31_22.jpg
Paramount Group,1633 Broadway,1633 Broadway,"From its premier location to the unencumbered panoramic views, 1633 Broadway offers state-of-the art office space for a wide variety of leading industries. The forty-eight-story, 2.5 million square foot building offers expansive and efficient floor plates that offer a dynamic experience for today’s most discerning tenant in an environment unmatched in Midtown’s Central Business District. The property has direct access to the New York subway systems and is surrounded by some of the most popular and widely recognized cultural, entertainment, and retail destinations worldwide.",Office,Entire Floor 39,53126,Upon request,Leasing,Peter Brindley,pbrindley@pgre.com,212.237.3156,https://www.pgre.com/properties/3314543,2026-07-22T19:05:46Z,,40.76214,-73.98437,https://cdn-paramount-group.reol.com/paramount_group/img/57c17c7360ea85b0a6b65e78e5995752a546e3ee+720++0/paramountsf_ewing_4509_05_31_22.jpg
Paramount Group,1633 Broadway,1633 Broadway,"From its premier location to the unencumbered panoramic views, 1633 Broadway offers state-of-the art office space for a wide variety of leading industries. The forty-eight-story, 2.5 million square foot building offers expansive and efficient floor plates that offer a dynamic experience for today’s most discerning tenant in an environment unmatched in Midtown’s Central Business District. The property has direct access to the New York subway systems and is surrounded by some of the most popular and widely recognized cultural, entertainment, and retail destinations worldwide.",Office,Floor 39,7334,Upon request,Leasing,Peter Brindley,pbrindley@pgre.com,212.237.3156,https://www.pgre.com/properties/3314543,2026-07-22T19:05:46Z,,40.76214,-73.98437,https://cdn-paramount-group.reol.com/paramount_group/img/57c17c7360ea85b0a6b65e78e5995752a546e3ee+720++0/paramountsf_ewing_4509_05_31_22.jpg
Paramount Group,1633 Broadway,1633 Broadway,"From its premier location to the unencumbered panoramic views, 1633 Broadway offers state-of-the art office space for a wide variety of leading industries. The forty-eight-story, 2.5 million square foot building offers expansive and efficient floor plates that offer a dynamic experience for today’s most discerning tenant in an environment unmatched in Midtown’s Central Business District. The property has direct access to the New York subway systems and is surrounded by some of the most popular and widely recognized cultural, entertainment, and retail destinations worldwide.",Office,Entire Floor 40A,53126,Upon request,Leasing,Peter Brindley,pbrindley@pgre.com,212.237.3156,https://www.pgre.com/properties/3314543,2026-07-22T19:05:46Z,,40.76214,-73.98437,https://cdn-paramount-group.reol.com/paramount_group/img/57c17c7360ea85b0a6b65e78e5995752a546e3ee+720++0/paramountsf_ewing_4509_05_31_22.jpg
Paramount Group,712 Fifth Avenue,712 Fifth Avenue,"Tenants and guests of 712 Fifth Avenue are greeted by an exquisite Magny du Louvre Limestone lobby upon entering through the entrance on 56th Street, off Fifth Avenue. The fifty-two-story building, designed by Kohn Pedersen Fox Associates, includes approximately 545,000 square feet and boasts unparalleled views of both Central Park and Midtown Manhattan. The office tower is within steps from Central Park and numerous luxury hotels, museums, and retail destinations.",Office,Entire Floor 0,9734,Upon request,Leasing,Peter Brindley,pbrindley@pgre.com,212.237.3156,https://www.pgre.com/properties/3314540,2026-07-22T19:05:46Z,,40.7624747,-73.9748886,https://cdn-paramount-group.reol.com/paramount_group/img/9ea37591a598c9b746a793fcfd7e2866d8a4ee10+720++0/paramountnyc_ewing_2703_05_31_22.jpg
Paramount Group,712 Fifth Avenue,712 Fifth Avenue,"Tenants and guests of 712 Fifth Avenue are greeted by an exquisite Magny du Louvre Limestone lobby upon entering through the entrance on 56th Street, off Fifth Avenue. The fifty-two-story building, designed by Kohn Pedersen Fox Associates, includes approximately 545,000 square feet and boasts unparalleled views of both Central Park and Midtown Manhattan. The office tower is within steps from Central Park and numerous luxury hotels, museums, and retail destinations.",Office,Partial Floor 0B,2702,Upon request,Leasing,Peter Brindley,pbrindley@pgre.com,212.237.3156,https://www.pgre.com/properties/3314540,2026-07-22T19:05:46Z,,40.7624747,-73.9748886,https://cdn-paramount-group.reol.com/paramount_group/img/9ea37591a598c9b746a793fcfd7e2866d8a4ee10+720++0/paramountnyc_ewing_2703_05_31_22.jpg
Paramount Group,712 Fifth Avenue,712 Fifth Avenue,"Tenants and guests of 712 Fifth Avenue are greeted by an exquisite Magny du Louvre Limestone lobby upon entering through the entrance on 56th Street, off Fifth Avenue. The fifty-two-story building, designed by Kohn Pedersen Fox Associates, includes approximately 545,000 square feet and boasts unparalleled views of both Central Park and Midtown Manhattan. The office tower is within steps from Central Park and numerous luxury hotels, museums, and retail destinations.",Office,Entire Floor 0,9866,Upon request,Leasing,Peter Brindley,pbrindley@pgre.com,212.237.3156,https://www.pgre.com/properties/3314540,2026-07-22T19:05:46Z,,40.7624747,-73.9748886,https://cdn-paramount-group.reol.com/paramount_group/img/9ea37591a598c9b746a793fcfd7e2866d8a4ee10+720++0/paramountnyc_ewing_2703_05_31_22.jpg
Paramount Group,60 Wall Street,60 Wall Street,"Originally designed in 1989 by Kevin Roche John Dinkeloo & Associates, 60 Wall Street is one of the Financial District’s finest Class A office towers. This 1.6 million square foot, forty-seven-story office building is being redeveloped in 2022 into an open, welcoming, state-of- the-art property located just steps from the New York Stock Exchange. Its impressive, transformed lobby and public atrium feature lush greenery and abundant light to promote a sense of space, openness, and wellness. 60 Wall Street offers large, efficient floor plates of 30-60k square feet, with above-standard ceiling heights and outdoor space. With sweeping views that thrill and inspire across Manhattan and a welcoming public atrium, 60 Wall Street thrives on the energy of a place undergoing transformation.",Retail,Retail,3990,Upon request,Leasing,Peter Brindley,pbrindley@pgre.com,212.237.3156,https://www.pgre.com/properties/3314548,2026-07-22T19:05:46Z,,40.7064,-74.0084,https://cdn-paramount-group.reol.com/paramount_group/img/7cfc4825294971fe109e904fb3f51f0389e7ff2f+720++0/60wall_buildingdaylight_427x640.jpg
Paramount Group,60 Wall Street,60 Wall Street,"Originally designed in 1989 by Kevin Roche John Dinkeloo & Associates, 60 Wall Street is one of the Financial District’s finest Class A office towers. This 1.6 million square foot, forty-seven-story office building is being redeveloped in 2022 into an open, welcoming, state-of- the-art property located just steps from the New York Stock Exchange. Its impressive, transformed lobby and public atrium feature lush greenery and abundant light to promote a sense of space, openness, and wellness. 60 Wall Street offers large, efficient floor plates of 30-60k square feet, with above-standard ceiling heights and outdoor space. With sweeping views that thrill and inspire across Manhattan and a welcoming public atrium, 60 Wall Street thrives on the energy of a place undergoing transformation.",Office,Entire Floor 2,45169,Upon request,Leasing,Peter Brindley,pbrindley@pgre.com,212.237.3156,https://www.pgre.com/properties/3314548,2026-07-22T19:05:46Z,,40.7064,-74.0084,https://cdn-paramount-group.reol.com/paramount_group/img/7cfc4825294971fe109e904fb3f51f0389e7ff2f+720++0/60wall_buildingdaylight_427x640.jpg
Paramount Group,60 Wall Street,60 Wall Street,"Originally designed in 1989 by Kevin Roche John Dinkeloo & Associates, 60 Wall Street is one of the Financial District’s finest Class A office towers. This 1.6 million square foot, forty-seven-story office building is being redeveloped in 2022 into an open, welcoming, state-of- the-art property located just steps from the New York Stock Exchange. Its impressive, transformed lobby and public atrium feature lush greenery and abundant light to promote a sense of space, openness, and wellness. 60 Wall Street offers large, efficient floor plates of 30-60k square feet, with above-standard ceiling heights and outdoor space. With sweeping views that thrill and inspire across Manhattan and a welcoming public atrium, 60 Wall Street thrives on the energy of a place undergoing transformation.",Office,Entire Floor 3,54410,Upon request,Leasing,Peter Brindley,pbrindley@pgre.com,212.237.3156,https://www.pgre.com/properties/3314548,2026-07-22T19:05:46Z,,40.7064,-74.0084,https://cdn-paramount-group.reol.com/paramount_group/img/7cfc4825294971fe109e904fb3f51f0389e7ff2f+720++0/60wall_buildingdaylight_427x640.jpg
Paramount Group,60 Wall Street,60 Wall Street,"Originally designed in 1989 by Kevin Roche John Dinkeloo & Associates, 60 Wall Street is one of the Financial District’s finest Class A office towers. This 1.6 million square foot, forty-seven-story office building is being redeveloped in 2022 into an open, welcoming, state-of- the-art property located just steps from the New York Stock Exchange. Its impressive, transformed lobby and public atrium feature lush greenery and abundant light to promote a sense of space, openness, and wellness. 60 Wall Street offers large, efficient floor plates of 30-60k square feet, with above-standard ceiling heights and outdoor space. With sweeping views that thrill and inspire across Manhattan and a welcoming public atrium, 60 Wall Street thrives on the energy of a place undergoing transformation.",Office,Entire Floor 4,50439,Upon request,Leasing,Peter Brindley,pbrindley@pgre.com,212.237.3156,https://www.pgre.com/properties/3314548,2026-07-22T19:05:46Z,,40.7064,-74.0084,https://cdn-paramount-group.reol.com/paramount_group/img/7cfc4825294971fe109e904fb3f51f0389e7ff2f+720++0/60wall_buildingdaylight_427x640.jpg
Paramount Group,60 Wall Street,60 Wall Street,"Originally designed in 1989 by Kevin Roche John Dinkeloo & Associates, 60 Wall Street is one of the Financial District’s finest Class A office towers. This 1.6 million square foot, forty-seven-story office building is being redeveloped in 2022 into an open, welcoming, state-of- the-art property located just steps from the New York Stock Exchange. Its impressive, transformed lobby and public atrium feature lush greenery and abundant light to promote a sense of space, openness, and wellness. 60 Wall Street offers large, efficient floor plates of 30-60k square feet, with above-standard ceiling heights and outdoor space. With sweeping views that thrill and inspire across Manhattan and a welcoming public atrium, 60 Wall Street thrives on the energy of a place undergoing transformation.",Office,Entire Floor 5,35369,Upon request,Leasing,Peter Brindley,pbrindley@pgre.com,212.237.3156,https://www.pgre.com/properties/3314548,2026-07-22T19:05:46Z,,40.7064,-74.0084,https://cdn-paramount-group.reol.com/paramount_group/img/7cfc4825294971fe109e904fb3f51f0389e7ff2f+720++0/60wall_buildingdaylight_427x640.jpg
Paramount Group,60 Wall Street,60 Wall Street,"Originally designed in 1989 by Kevin Roche John Dinkeloo & Associates, 60 Wall Street is one of the Financial District’s finest Class A office towers. This 1.6 million square foot, forty-seven-story office building is being redeveloped in 2022 into an open, welcoming, state-of- the-art property located just steps from the New York Stock Exchange. Its impressive, transformed lobby and public atrium feature lush greenery and abundant light to promote a sense of space, openness, and wellness. 60 Wall Street offers large, efficient floor plates of 30-60k square feet, with above-standard ceiling heights and outdoor space. With sweeping views that thrill and inspire across Manhattan and a welcoming public atrium, 60 Wall Street thrives on the energy of a place undergoing transformation.",Office,Entire Floor 6,35357,Upon request,Leasing,Peter Brindley,pbrindley@pgre.com,212.237.3156,https://www.pgre.com/properties/3314548,2026-07-22T19:05:46Z,,40.7064,-74.0084,https://cdn-paramount-group.reol.com/paramount_group/img/7cfc4825294971fe109e904fb3f51f0389e7ff2f+720++0/60wall_buildingdaylight_427x640.jpg
Paramount Group,60 Wall Street,60 Wall Street,"Originally designed in 1989 by Kevin Roche John Dinkeloo & Associates, 60 Wall Street is one of the Financial District’s finest Class A office towers. This 1.6 million square foot, forty-seven-story office building is being redeveloped in 2022 into an open, welcoming, state-of- the-art property located just steps from the New York Stock Exchange. Its impressive, transformed lobby and public atrium feature lush greenery and abundant light to promote a sense of space, openness, and wellness. 60 Wall Street offers large, efficient floor plates of 30-60k square feet, with above-standard ceiling heights and outdoor space. With sweeping views that thrill and inspire across Manhattan and a welcoming public atrium, 60 Wall Street thrives on the energy of a place undergoing transformation.",Office,Entire Floor 7,33007,Upon request,Leasing,Peter Brindley,pbrindley@pgre.com,212.237.3156,https://www.pgre.com/properties/3314548,2026-07-22T19:05:46Z,,40.7064,-74.0084,https://cdn-paramount-group.reol.com/paramount_group/img/7cfc4825294971fe109e904fb3f51f0389e7ff2f+720++0/60wall_buildingdaylight_427x640.jpg
Paramount Group,60 Wall Street,60 Wall Street,"Originally designed in 1989 by Kevin Roche John Dinkeloo & Associates, 60 Wall Street is one of the Financial District’s finest Class A office towers. This 1.6 million square foot, forty-seven-story office building is being redeveloped in 2022 into an open, welcoming, state-of- the-art property located just steps from the New York Stock Exchange. Its impressive, transformed lobby and public atrium feature lush greenery and abundant light to promote a sense of space, openness, and wellness. 60 Wall Street offers large, efficient floor plates of 30-60k square feet, with above-standard ceiling heights and outdoor space. With sweeping views that thrill and inspire across Manhattan and a welcoming public atrium, 60 Wall Street thrives on the energy of a place undergoing transformation.",Office,Entire Floor 8,32441,Upon request,Leasing,Peter Brindley,pbrindley@pgre.com,212.237.3156,https://www.pgre.com/properties/3314548,2026-07-22T19:05:46Z,,40.7064,-74.0084,https://cdn-paramount-group.reol.com/paramount_group/img/7cfc4825294971fe109e904fb3f51f0389e7ff2f+720++0/60wall_buildingdaylight_427x640.jpg
Paramount Group,60 Wall Street,60 Wall Street,"Originally designed in 1989 by Kevin Roche John Dinkeloo & Associates, 60 Wall Street is one of the Financial District’s finest Class A office towers. This 1.6 million square foot, forty-seven-story office building is being redeveloped in 2022 into an open, welcoming, state-of- the-art property located just steps from the New York Stock Exchange. Its impressive, transformed lobby and public atrium feature lush greenery and abundant light to promote a sense of space, openness, and wellness. 60 Wall Street offers large, efficient floor plates of 30-60k square feet, with above-standard ceiling heights and outdoor space. With sweeping views that thrill and inspire across Manhattan and a welcoming public atrium, 60 Wall Street thrives on the energy of a place undergoing transformation.",Office,Entire Floor 9,32466,Upon request,Leasing,Peter Brindley,pbrindley@pgre.com,212.237.3156,https://www.pgre.com/properties/3314548,2026-07-22T19:05:46Z,,40.7064,-74.0084,https://cdn-paramount-group.reol.com/paramount_group/img/7cfc4825294971fe109e904fb3f51f0389e7ff2f+720++0/60wall_buildingdaylight_427x640.jpg
Paramount Group,60 Wall Street,60 Wall Street,"Originally designed in 1989 by Kevin Roche John Dinkeloo & Associates, 60 Wall Street is one of the Financial District’s finest Class A office towers. This 1.6 million square foot, forty-seven-story office building is being redeveloped in 2022 into an open, welcoming, state-of- the-art property located just steps from the New York Stock Exchange. Its impressive, transformed lobby and public atrium feature lush greenery and abundant light to promote a sense of space, openness, and wellness. 60 Wall Street offers large, efficient floor plates of 30-60k square feet, with above-standard ceiling heights and outdoor space. With sweeping views that thrill and inspire across Manhattan and a welcoming public atrium, 60 Wall Street thrives on the energy of a place undergoing transformation.",Office,Entire Floor 10,32472,Upon request,Leasing,Peter Brindley,pbrindley@pgre.com,212.237.3156,https://www.pgre.com/properties/3314548,2026-07-22T19:05:46Z,,40.7064,-74.0084,https://cdn-paramount-group.reol.com/paramount_group/img/7cfc4825294971fe109e904fb3f51f0389e7ff2f+720++0/60wall_buildingdaylight_427x640.jpg
Paramount Group,60 Wall Street,60 Wall Street,"Originally designed in 1989 by Kevin Roche John Dinkeloo & Associates, 60 Wall Street is one of the Financial District’s finest Class A office towers. This 1.6 million square foot, forty-seven-story office building is being redeveloped in 2022 into an open, welcoming, state-of- the-art property located just steps from the New York Stock Exchange. Its impressive, transformed lobby and public atrium feature lush greenery and abundant light to promote a sense of space, openness, and wellness. 60 Wall Street offers large, efficient floor plates of 30-60k square feet, with above-standard ceiling heights and outdoor space. With sweeping views that thrill and inspire across Manhattan and a welcoming public atrium, 60 Wall Street thrives on the energy of a place undergoing transformation.",Office,Entire Floor 11,31690,Upon request,Leasing,Peter Brindley,pbrindley@pgre.com,212.237.3156,https://www.pgre.com/properties/3314548,2026-07-22T19:05:46Z,,40.7064,-74.0084,https://cdn-paramount-group.reol.com/paramount_group/img/7cfc4825294971fe109e904fb3f51f0389e7ff2f+720++0/60wall_buildingdaylight_427x640.jpg
Paramount Group,60 Wall Street,60 Wall Street,"Originally designed in 1989 by Kevin Roche John Dinkeloo & Associates, 60 Wall Street is one of the Financial District’s finest Class A office towers. This 1.6 million square foot, forty-seven-story office building is being redeveloped in 2022 into an open, welcoming, state-of- the-art property located just steps from the New York Stock Exchange. Its impressive, transformed lobby and public atrium feature lush greenery and abundant light to promote a sense of space, openness, and wellness. 60 Wall Street offers large, efficient floor plates of 30-60k square feet, with above-standard ceiling heights and outdoor space. With sweeping views that thrill and inspire across Manhattan and a welcoming public atrium, 60 Wall Street thrives on the energy of a place undergoing transformation.",Office,Entire Floor 12,31685,Upon request,Leasing,Peter Brindley,pbrindley@pgre.com,212.237.3156,https://www.pgre.com/properties/3314548,2026-07-22T19:05:46Z,,40.7064,-74.0084,https://cdn-paramount-group.reol.com/paramount_group/img/7cfc4825294971fe109e904fb3f51f0389e7ff2f+720++0/60wall_buildingdaylight_427x640.jpg
Paramount Group,60 Wall Street,60 Wall Street,"Originally designed in 1989 by Kevin Roche John Dinkeloo & Associates, 60 Wall Street is one of the Financial District’s finest Class A office towers. This 1.6 million square foot, forty-seven-story office building is being redeveloped in 2022 into an open, welcoming, state-of- the-art property located just steps from the New York Stock Exchange. Its impressive, transformed lobby and public atrium feature lush greenery and abundant light to promote a sense of space, openness, and wellness. 60 Wall Street offers large, efficient floor plates of 30-60k square feet, with above-standard ceiling heights and outdoor space. With sweeping views that thrill and inspire across Manhattan and a welcoming public atrium, 60 Wall Street thrives on the energy of a place undergoing transformation.",Office,Entire Floor 13,31691,Upon request,Leasing,Peter Brindley,pbrindley@pgre.com,212.237.3156,https://www.pgre.com/properties/3314548,2026-07-22T19:05:46Z,,40.7064,-74.0084,https://cdn-paramount-group.reol.com/paramount_group/img/7cfc4825294971fe109e904fb3f51f0389e7ff2f+720++0/60wall_buildingdaylight_427x640.jpg
Paramount Group,60 Wall Street,60 Wall Street,"Originally designed in 1989 by Kevin Roche John Dinkeloo & Associates, 60 Wall Street is one of the Financial District’s finest Class A office towers. This 1.6 million square foot, forty-seven-story office building is being redeveloped in 2022 into an open, welcoming, state-of- the-art property located just steps from the New York Stock Exchange. Its impressive, transformed lobby and public atrium feature lush greenery and abundant light to promote a sense of space, openness, and wellness. 60 Wall Street offers large, efficient floor plates of 30-60k square feet, with above-standard ceiling heights and outdoor space. With sweeping views that thrill and inspire across Manhattan and a welcoming public atrium, 60 Wall Street thrives on the energy of a place undergoing transformation.",Office,Entire Floor 14,31690,Upon request,Leasing,Peter Brindley,pbrindley@pgre.com,212.237.3156,https://www.pgre.com/properties/3314548,2026-07-22T19:05:46Z,,40.7064,-74.0084,https://cdn-paramount-group.reol.com/paramount_group/img/7cfc4825294971fe109e904fb3f51f0389e7ff2f+720++0/60wall_buildingdaylight_427x640.jpg
Paramount Group,60 Wall Street,60 Wall Street,"Originally designed in 1989 by Kevin Roche John Dinkeloo & Associates, 60 Wall Street is one of the Financial District’s finest Class A office towers. This 1.6 million square foot, forty-seven-story office building is being redeveloped in 2022 into an open, welcoming, state-of- the-art property located just steps from the New York Stock Exchange. Its impressive, transformed lobby and public atrium feature lush greenery and abundant light to promote a sense of space, openness, and wellness. 60 Wall Street offers large, efficient floor plates of 30-60k square feet, with above-standard ceiling heights and outdoor space. With sweeping views that thrill and inspire across Manhattan and a welcoming public atrium, 60 Wall Street thrives on the energy of a place undergoing transformation.",Office,Entire Floor 15,31681,Upon request,Leasing,Peter Brindley,pbrindley@pgre.com,212.237.3156,https://www.pgre.com/properties/3314548,2026-07-22T19:05:46Z,,40.7064,-74.0084,https://cdn-paramount-group.reol.com/paramount_group/img/7cfc4825294971fe109e904fb3f51f0389e7ff2f+720++0/60wall_buildingdaylight_427x640.jpg
Paramount Group,60 Wall Street,60 Wall Street,"Originally designed in 1989 by Kevin Roche John Dinkeloo & Associates, 60 Wall Street is one of the Financial District’s finest Class A office towers. This 1.6 million square foot, forty-seven-story office building is being redeveloped in 2022 into an open, welcoming, state-of- the-art property located just steps from the New York Stock Exchange. Its impressive, transformed lobby and public atrium feature lush greenery and abundant light to promote a sense of space, openness, and wellness. 60 Wall Street offers large, efficient floor plates of 30-60k square feet, with above-standard ceiling heights and outdoor space. With sweeping views that thrill and inspire across Manhattan and a welcoming public atrium, 60 Wall Street thrives on the energy of a place undergoing transformation.",Office,Entire Floor 16,31681,Upon request,Leasing,Peter Brindley,pbrindley@pgre.com,212.237.3156,https://www.pgre.com/properties/3314548,2026-07-22T19:05:46Z,,40.7064,-74.0084,https://cdn-paramount-group.reol.com/paramount_group/img/7cfc4825294971fe109e904fb3f51f0389e7ff2f+720++0/60wall_buildingdaylight_427x640.jpg
Paramount Group,60 Wall Street,60 Wall Street,"Originally designed in 1989 by Kevin Roche John Dinkeloo & Associates, 60 Wall Street is one of the Financial District’s finest Class A office towers. This 1.6 million square foot, forty-seven-story office building is being redeveloped in 2022 into an open, welcoming, state-of- the-art property located just steps from the New York Stock Exchange. Its impressive, transformed lobby and public atrium feature lush greenery and abundant light to promote a sense of space, openness, and wellness. 60 Wall Street offers large, efficient floor plates of 30-60k square feet, with above-standard ceiling heights and outdoor space. With sweeping views that thrill and inspire across Manhattan and a welcoming public atrium, 60 Wall Street thrives on the energy of a place undergoing transformation.",Office,Entire Floor 17,31691,Upon request,Leasing,Peter Brindley,pbrindley@pgre.com,212.237.3156,https://www.pgre.com/properties/3314548,2026-07-22T19:05:46Z,,40.7064,-74.0084,https://cdn-paramount-group.reol.com/paramount_group/img/7cfc4825294971fe109e904fb3f51f0389e7ff2f+720++0/60wall_buildingdaylight_427x640.jpg
Paramount Group,60 Wall Street,60 Wall Street,"Originally designed in 1989 by Kevin Roche John Dinkeloo & Associates, 60 Wall Street is one of the Financial District’s finest Class A office towers. This 1.6 million square foot, forty-seven-story office building is being redeveloped in 2022 into an open, welcoming, state-of- the-art property located just steps from the New York Stock Exchange. Its impressive, transformed lobby and public atrium feature lush greenery and abundant light to promote a sense of space, openness, and wellness. 60 Wall Street offers large, efficient floor plates of 30-60k square feet, with above-standard ceiling heights and outdoor space. With sweeping views that thrill and inspire across Manhattan and a welcoming public atrium, 60 Wall Street thrives on the energy of a place undergoing transformation.",Office,Entire Floor 18,31690,Upon request,Leasing,Peter Brindley,pbrindley@pgre.com,212.237.3156,https://www.pgre.com/properties/3314548,2026-07-22T19:05:46Z,,40.7064,-74.0084,https://cdn-paramount-group.reol.com/paramount_group/img/7cfc4825294971fe109e904fb3f51f0389e7ff2f+720++0/60wall_buildingdaylight_427x640.jpg
Paramount Group,60 Wall Street,60 Wall Street,"Originally designed in 1989 by Kevin Roche John Dinkeloo & Associates, 60 Wall Street is one of the Financial District’s finest Class A office towers. This 1.6 million square foot, forty-seven-story office building is being redeveloped in 2022 into an open, welcoming, state-of- the-art property located just steps from the New York Stock Exchange. Its impressive, transformed lobby and public atrium feature lush greenery and abundant light to promote a sense of space, openness, and wellness. 60 Wall Street offers large, efficient floor plates of 30-60k square feet, with above-standard ceiling heights and outdoor space. With sweeping views that thrill and inspire across Manhattan and a welcoming public atrium, 60 Wall Street thrives on the energy of a place undergoing transformation.",Office,Entire Floor 19,31578,Upon request,Leasing,Peter Brindley,pbrindley@pgre.com,212.237.3156,https://www.pgre.com/properties/3314548,2026-07-22T19:05:46Z,,40.7064,-74.0084,https://cdn-paramount-group.reol.com/paramount_group/img/7cfc4825294971fe109e904fb3f51f0389e7ff2f+720++0/60wall_buildingdaylight_427x640.jpg
Paramount Group,60 Wall Street,60 Wall Street,"Originally designed in 1989 by Kevin Roche John Dinkeloo & Associates, 60 Wall Street is one of the Financial District’s finest Class A office towers. This 1.6 million square foot, forty-seven-story office building is being redeveloped in 2022 into an open, welcoming, state-of- the-art property located just steps from the New York Stock Exchange. Its impressive, transformed lobby and public atrium feature lush greenery and abundant light to promote a sense of space, openness, and wellness. 60 Wall Street offers large, efficient floor plates of 30-60k square feet, with above-standard ceiling heights and outdoor space. With sweeping views that thrill and inspire across Manhattan and a welcoming public atrium, 60 Wall Street thrives on the energy of a place undergoing transformation.",Office,Entire Floor 20,31672,Upon request,Leasing,Peter Brindley,pbrindley@pgre.com,212.237.3156,https://www.pgre.com/properties/3314548,2026-07-22T19:05:46Z,,40.7064,-74.0084,https://cdn-paramount-group.reol.com/paramount_group/img/7cfc4825294971fe109e904fb3f51f0389e7ff2f+720++0/60wall_buildingdaylight_427x640.jpg
Paramount Group,60 Wall Street,60 Wall Street,"Originally designed in 1989 by Kevin Roche John Dinkeloo & Associates, 60 Wall Street is one of the Financial District’s finest Class A office towers. This 1.6 million square foot, forty-seven-story office building is being redeveloped in 2022 into an open, welcoming, state-of- the-art property located just steps from the New York Stock Exchange. Its impressive, transformed lobby and public atrium feature lush greenery and abundant light to promote a sense of space, openness, and wellness. 60 Wall Street offers large, efficient floor plates of 30-60k square feet, with above-standard ceiling heights and outdoor space. With sweeping views that thrill and inspire across Manhattan and a welcoming public atrium, 60 Wall Street thrives on the energy of a place undergoing transformation.",Office,Entire Floor 21,30963,Upon request,Leasing,Peter Brindley,pbrindley@pgre.com,212.237.3156,https://www.pgre.com/properties/3314548,2026-07-22T19:05:46Z,,40.7064,-74.0084,https://cdn-paramount-group.reol.com/paramount_group/img/7cfc4825294971fe109e904fb3f51f0389e7ff2f+720++0/60wall_buildingdaylight_427x640.jpg
Paramount Group,60 Wall Street,60 Wall Street,"Originally designed in 1989 by Kevin Roche John Dinkeloo & Associates, 60 Wall Street is one of the Financial District’s finest Class A office towers. This 1.6 million square foot, forty-seven-story office building is being redeveloped in 2022 into an open, welcoming, state-of- the-art property located just steps from the New York Stock Exchange. Its impressive, transformed lobby and public atrium feature lush greenery and abundant light to promote a sense of space, openness, and wellness. 60 Wall Street offers large, efficient floor plates of 30-60k square feet, with above-standard ceiling heights and outdoor space. With sweeping views that thrill and inspire across Manhattan and a welcoming public atrium, 60 Wall Street thrives on the energy of a place undergoing transformation.",Office,Entire Floor 22,32518,Upon request,Leasing,Peter Brindley,pbrindley@pgre.com,212.237.3156,https://www.pgre.com/properties/3314548,2026-07-22T19:05:46Z,,40.7064,-74.0084,https://cdn-paramount-group.reol.com/paramount_group/img/7cfc4825294971fe109e904fb3f51f0389e7ff2f+720++0/60wall_buildingdaylight_427x640.jpg
Paramount Group,60 Wall Street,60 Wall Street,"Originally designed in 1989 by Kevin Roche John Dinkeloo & Associates, 60 Wall Street is one of the Financial District’s finest Class A office towers. This 1.6 million square foot, forty-seven-story office building is being redeveloped in 2022 into an open, welcoming, state-of- the-art property located just steps from the New York Stock Exchange. Its impressive, transformed lobby and public atrium feature lush greenery and abundant light to promote a sense of space, openness, and wellness. 60 Wall Street offers large, efficient floor plates of 30-60k square feet, with above-standard ceiling heights and outdoor space. With sweeping views that thrill and inspire across Manhattan and a welcoming public atrium, 60 Wall Street thrives on the energy of a place undergoing transformation.",Office,Entire Floor 23,32557,Upon request,Leasing,Peter Brindley,pbrindley@pgre.com,212.237.3156,https://www.pgre.com/properties/3314548,2026-07-22T19:05:46Z,,40.7064,-74.0084,https://cdn-paramount-group.reol.com/paramount_group/img/7cfc4825294971fe109e904fb3f51f0389e7ff2f+720++0/60wall_buildingdaylight_427x640.jpg
Paramount Group,60 Wall Street,60 Wall Street,"Originally designed in 1989 by Kevin Roche John Dinkeloo & Associates, 60 Wall Street is one of the Financial District’s finest Class A office towers. This 1.6 million square foot, forty-seven-story office building is being redeveloped in 2022 into an open, welcoming, state-of- the-art property located just steps from the New York Stock Exchange. Its impressive, transformed lobby and public atrium feature lush greenery and abundant light to promote a sense of space, openness, and wellness. 60 Wall Street offers large, efficient floor plates of 30-60k square feet, with above-standard ceiling heights and outdoor space. With sweeping views that thrill and inspire across Manhattan and a welcoming public atrium, 60 Wall Street thrives on the energy of a place undergoing transformation.",Office,Entire Floor 24,32520,Upon request,Leasing,Peter Brindley,pbrindley@pgre.com,212.237.3156,https://www.pgre.com/properties/3314548,2026-07-22T19:05:46Z,,40.7064,-74.0084,https://cdn-paramount-group.reol.com/paramount_group/img/7cfc4825294971fe109e904fb3f51f0389e7ff2f+720++0/60wall_buildingdaylight_427x640.jpg
Paramount Group,60 Wall Street,60 Wall Street,"Originally designed in 1989 by Kevin Roche John Dinkeloo & Associates, 60 Wall Street is one of the Financial District’s finest Class A office towers. This 1.6 million square foot, forty-seven-story office building is being redeveloped in 2022 into an open, welcoming, state-of- the-art property located just steps from the New York Stock Exchange. Its impressive, transformed lobby and public atrium feature lush greenery and abundant light to promote a sense of space, openness, and wellness. 60 Wall Street offers large, efficient floor plates of 30-60k square feet, with above-standard ceiling heights and outdoor space. With sweeping views that thrill and inspire across Manhattan and a welcoming public atrium, 60 Wall Street thrives on the energy of a place undergoing transformation.",Office,Entire Floor 25,32561,Upon request,Leasing,Peter Brindley,pbrindley@pgre.com,212.237.3156,https://www.pgre.com/properties/3314548,2026-07-22T19:05:46Z,,40.7064,-74.0084,https://cdn-paramount-group.reol.com/paramount_group/img/7cfc4825294971fe109e904fb3f51f0389e7ff2f+720++0/60wall_buildingdaylight_427x640.jpg
Paramount Group,60 Wall Street,60 Wall Street,"Originally designed in 1989 by Kevin Roche John Dinkeloo & Associates, 60 Wall Street is one of the Financial District’s finest Class A office towers. This 1.6 million square foot, forty-seven-story office building is being redeveloped in 2022 into an open, welcoming, state-of- the-art property located just steps from the New York Stock Exchange. Its impressive, transformed lobby and public atrium feature lush greenery and abundant light to promote a sense of space, openness, and wellness. 60 Wall Street offers large, efficient floor plates of 30-60k square feet, with above-standard ceiling heights and outdoor space. With sweeping views that thrill and inspire across Manhattan and a welcoming public atrium, 60 Wall Street thrives on the energy of a place undergoing transformation.",Office,Entire Floor 26,32503,Upon request,Leasing,Peter Brindley,pbrindley@pgre.com,212.237.3156,https://www.pgre.com/properties/3314548,2026-07-22T19:05:46Z,,40.7064,-74.0084,https://cdn-paramount-group.reol.com/paramount_group/img/7cfc4825294971fe109e904fb3f51f0389e7ff2f+720++0/60wall_buildingdaylight_427x640.jpg
Paramount Group,60 Wall Street,60 Wall Street,"Originally designed in 1989 by Kevin Roche John Dinkeloo & Associates, 60 Wall Street is one of the Financial District’s finest Class A office towers. This 1.6 million square foot, forty-seven-story office building is being redeveloped in 2022 into an open, welcoming, state-of- the-art property located just steps from the New York Stock Exchange. Its impressive, transformed lobby and public atrium feature lush greenery and abundant light to promote a sense of space, openness, and wellness. 60 Wall Street offers large, efficient floor plates of 30-60k square feet, with above-standard ceiling heights and outdoor space. With sweeping views that thrill and inspire across Manhattan and a welcoming public atrium, 60 Wall Street thrives on the energy of a place undergoing transformation.",Office,Entire Floor 27,32556,Upon request,Leasing,Peter Brindley,pbrindley@pgre.com,212.237.3156,https://www.pgre.com/properties/3314548,2026-07-22T19:05:46Z,,40.7064,-74.0084,https://cdn-paramount-group.reol.com/paramount_group/img/7cfc4825294971fe109e904fb3f51f0389e7ff2f+720++0/60wall_buildingdaylight_427x640.jpg
Paramount Group,60 Wall Street,60 Wall Street,"Originally designed in 1989 by Kevin Roche John Dinkeloo & Associates, 60 Wall Street is one of the Financial District’s finest Class A office towers. This 1.6 million square foot, forty-seven-story office building is being redeveloped in 2022 into an open, welcoming, state-of- the-art property located just steps from the New York Stock Exchange. Its impressive, transformed lobby and public atrium feature lush greenery and abundant light to promote a sense of space, openness, and wellness. 60 Wall Street offers large, efficient floor plates of 30-60k square feet, with above-standard ceiling heights and outdoor space. With sweeping views that thrill and inspire across Manhattan and a welcoming public atrium, 60 Wall Street thrives on the energy of a place undergoing transformation.",Office,Entire Floor 28,32542,Upon request,Leasing,Peter Brindley,pbrindley@pgre.com,212.237.3156,https://www.pgre.com/properties/3314548,2026-07-22T19:05:46Z,,40.7064,-74.0084,https://cdn-paramount-group.reol.com/paramount_group/img/7cfc4825294971fe109e904fb3f51f0389e7ff2f+720++0/60wall_buildingdaylight_427x640.jpg
Paramount Group,60 Wall Street,60 Wall Street,"Originally designed in 1989 by Kevin Roche John Dinkeloo & Associates, 60 Wall Street is one of the Financial District’s finest Class A office towers. This 1.6 million square foot, forty-seven-story office building is being redeveloped in 2022 into an open, welcoming, state-of- the-art property located just steps from the New York Stock Exchange. Its impressive, transformed lobby and public atrium feature lush greenery and abundant light to promote a sense of space, openness, and wellness. 60 Wall Street offers large, efficient floor plates of 30-60k square feet, with above-standard ceiling heights and outdoor space. With sweeping views that thrill and inspire across Manhattan and a welcoming public atrium, 60 Wall Street thrives on the energy of a place undergoing transformation.",Office,Entire Floor 29,32525,Upon request,Leasing,Peter Brindley,pbrindley@pgre.com,212.237.3156,https://www.pgre.com/properties/3314548,2026-07-22T19:05:46Z,,40.7064,-74.0084,https://cdn-paramount-group.reol.com/paramount_group/img/7cfc4825294971fe109e904fb3f51f0389e7ff2f+720++0/60wall_buildingdaylight_427x640.jpg
Paramount Group,60 Wall Street,60 Wall Street,"Originally designed in 1989 by Kevin Roche John Dinkeloo & Associates, 60 Wall Street is one of the Financial District’s finest Class A office towers. This 1.6 million square foot, forty-seven-story office building is being redeveloped in 2022 into an open, welcoming, state-of- the-art property located just steps from the New York Stock Exchange. Its impressive, transformed lobby and public atrium feature lush greenery and abundant light to promote a sense of space, openness, and wellness. 60 Wall Street offers large, efficient floor plates of 30-60k square feet, with above-standard ceiling heights and outdoor space. With sweeping views that thrill and inspire across Manhattan and a welcoming public atrium, 60 Wall Street thrives on the energy of a place undergoing transformation.",Office,Entire Floor 30,32535,Upon request,Leasing,Peter Brindley,pbrindley@pgre.com,212.237.3156,https://www.pgre.com/properties/3314548,2026-07-22T19:05:46Z,,40.7064,-74.0084,https://cdn-paramount-group.reol.com/paramount_group/img/7cfc4825294971fe109e904fb3f51f0389e7ff2f+720++0/60wall_buildingdaylight_427x640.jpg
Paramount Group,60 Wall Street,60 Wall Street,"Originally designed in 1989 by Kevin Roche John Dinkeloo & Associates, 60 Wall Street is one of the Financial District’s finest Class A office towers. This 1.6 million square foot, forty-seven-story office building is being redeveloped in 2022 into an open, welcoming, state-of- the-art property located just steps from the New York Stock Exchange. Its impressive, transformed lobby and public atrium feature lush greenery and abundant light to promote a sense of space, openness, and wellness. 60 Wall Street offers large, efficient floor plates of 30-60k square feet, with above-standard ceiling heights and outdoor space. With sweeping views that thrill and inspire across Manhattan and a welcoming public atrium, 60 Wall Street thrives on the energy of a place undergoing transformation.",Office,Entire Floor 31,32546,Upon request,Leasing,Peter Brindley,pbrindley@pgre.com,212.237.3156,https://www.pgre.com/properties/3314548,2026-07-22T19:05:46Z,,40.7064,-74.0084,https://cdn-paramount-group.reol.com/paramount_group/img/7cfc4825294971fe109e904fb3f51f0389e7ff2f+720++0/60wall_buildingdaylight_427x640.jpg
Paramount Group,60 Wall Street,60 Wall Street,"Originally designed in 1989 by Kevin Roche John Dinkeloo & Associates, 60 Wall Street is one of the Financial District’s finest Class A office towers. This 1.6 million square foot, forty-seven-story office building is being redeveloped in 2022 into an open, welcoming, state-of- the-art property located just steps from the New York Stock Exchange. Its impressive, transformed lobby and public atrium feature lush greenery and abundant light to promote a sense of space, openness, and wellness. 60 Wall Street offers large, efficient floor plates of 30-60k square feet, with above-standard ceiling heights and outdoor space. With sweeping views that thrill and inspire across Manhattan and a welcoming public atrium, 60 Wall Street thrives on the energy of a place undergoing transformation.",Office,Entire Floor 32,32542,Upon request,Leasing,Peter Brindley,pbrindley@pgre.com,212.237.3156,https://www.pgre.com/properties/3314548,2026-07-22T19:05:46Z,,40.7064,-74.0084,https://cdn-paramount-group.reol.com/paramount_group/img/7cfc4825294971fe109e904fb3f51f0389e7ff2f+720++0/60wall_buildingdaylight_427x640.jpg
Paramount Group,60 Wall Street,60 Wall Street,"Originally designed in 1989 by Kevin Roche John Dinkeloo & Associates, 60 Wall Street is one of the Financial District’s finest Class A office towers. This 1.6 million square foot, forty-seven-story office building is being redeveloped in 2022 into an open, welcoming, state-of- the-art property located just steps from the New York Stock Exchange. Its impressive, transformed lobby and public atrium feature lush greenery and abundant light to promote a sense of space, openness, and wellness. 60 Wall Street offers large, efficient floor plates of 30-60k square feet, with above-standard ceiling heights and outdoor space. With sweeping views that thrill and inspire across Manhattan and a welcoming public atrium, 60 Wall Street thrives on the energy of a place undergoing transformation.",Office,Entire Floor 33,32545,Upon request,Leasing,Peter Brindley,pbrindley@pgre.com,212.237.3156,https://www.pgre.com/properties/3314548,2026-07-22T19:05:46Z,,40.7064,-74.0084,https://cdn-paramount-group.reol.com/paramount_group/img/7cfc4825294971fe109e904fb3f51f0389e7ff2f+720++0/60wall_buildingdaylight_427x640.jpg
Paramount Group,60 Wall Street,60 Wall Street,"Originally designed in 1989 by Kevin Roche John Dinkeloo & Associates, 60 Wall Street is one of the Financial District’s finest Class A office towers. This 1.6 million square foot, forty-seven-story office building is being redeveloped in 2022 into an open, welcoming, state-of- the-art property located just steps from the New York Stock Exchange. Its impressive, transformed lobby and public atrium feature lush greenery and abundant light to promote a sense of space, openness, and wellness. 60 Wall Street offers large, efficient floor plates of 30-60k square feet, with above-standard ceiling heights and outdoor space. With sweeping views that thrill and inspire across Manhattan and a welcoming public atrium, 60 Wall Street thrives on the energy of a place undergoing transformation.",Office,Entire Floor 34,32553,Upon request,Leasing,Peter Brindley,pbrindley@pgre.com,212.237.3156,https://www.pgre.com/properties/3314548,2026-07-22T19:05:46Z,,40.7064,-74.0084,https://cdn-paramount-group.reol.com/paramount_group/img/7cfc4825294971fe109e904fb3f51f0389e7ff2f+720++0/60wall_buildingdaylight_427x640.jpg
Paramount Group,60 Wall Street,60 Wall Street,"Originally designed in 1989 by Kevin Roche John Dinkeloo & Associates, 60 Wall Street is one of the Financial District’s finest Class A office towers. This 1.6 million square foot, forty-seven-story office building is being redeveloped in 2022 into an open, welcoming, state-of- the-art property located just steps from the New York Stock Exchange. Its impressive, transformed lobby and public atrium feature lush greenery and abundant light to promote a sense of space, openness, and wellness. 60 Wall Street offers large, efficient floor plates of 30-60k square feet, with above-standard ceiling heights and outdoor space. With sweeping views that thrill and inspire across Manhattan and a welcoming public atrium, 60 Wall Street thrives on the energy of a place undergoing transformation.",Office,Entire Floor 35,32396,Upon request,Leasing,Peter Brindley,pbrindley@pgre.com,212.237.3156,https://www.pgre.com/properties/3314548,2026-07-22T19:05:46Z,,40.7064,-74.0084,https://cdn-paramount-group.reol.com/paramount_group/img/7cfc4825294971fe109e904fb3f51f0389e7ff2f+720++0/60wall_buildingdaylight_427x640.jpg
Paramount Group,60 Wall Street,60 Wall Street,"Originally designed in 1989 by Kevin Roche John Dinkeloo & Associates, 60 Wall Street is one of the Financial District’s finest Class A office towers. This 1.6 million square foot, forty-seven-story office building is being redeveloped in 2022 into an open, welcoming, state-of- the-art property located just steps from the New York Stock Exchange. Its impressive, transformed lobby and public atrium feature lush greenery and abundant light to promote a sense of space, openness, and wellness. 60 Wall Street offers large, efficient floor plates of 30-60k square feet, with above-standard ceiling heights and outdoor space. With sweeping views that thrill and inspire across Manhattan and a welcoming public atrium, 60 Wall Street thrives on the energy of a place undergoing transformation.",Office,Entire Floor 36,31859,Upon request,Leasing,Peter Brindley,pbrindley@pgre.com,212.237.3156,https://www.pgre.com/properties/3314548,2026-07-22T19:05:46Z,,40.7064,-74.0084,https://cdn-paramount-group.reol.com/paramount_group/img/7cfc4825294971fe109e904fb3f51f0389e7ff2f+720++0/60wall_buildingdaylight_427x640.jpg
Paramount Group,60 Wall Street,60 Wall Street,"Originally designed in 1989 by Kevin Roche John Dinkeloo & Associates, 60 Wall Street is one of the Financial District’s finest Class A office towers. This 1.6 million square foot, forty-seven-story office building is being redeveloped in 2022 into an open, welcoming, state-of- the-art property located just steps from the New York Stock Exchange. Its impressive, transformed lobby and public atrium feature lush greenery and abundant light to promote a sense of space, openness, and wellness. 60 Wall Street offers large, efficient floor plates of 30-60k square feet, with above-standard ceiling heights and outdoor space. With sweeping views that thrill and inspire across Manhattan and a welcoming public atrium, 60 Wall Street thrives on the energy of a place undergoing transformation.",Office,Entire Floor 37,33378,Upon request,Leasing,Peter Brindley,pbrindley@pgre.com,212.237.3156,https://www.pgre.com/properties/3314548,2026-07-22T19:05:46Z,,40.7064,-74.0084,https://cdn-paramount-group.reol.com/paramount_group/img/7cfc4825294971fe109e904fb3f51f0389e7ff2f+720++0/60wall_buildingdaylight_427x640.jpg
Paramount Group,60 Wall Street,60 Wall Street,"Originally designed in 1989 by Kevin Roche John Dinkeloo & Associates, 60 Wall Street is one of the Financial District’s finest Class A office towers. This 1.6 million square foot, forty-seven-story office building is being redeveloped in 2022 into an open, welcoming, state-of- the-art property located just steps from the New York Stock Exchange. Its impressive, transformed lobby and public atrium feature lush greenery and abundant light to promote a sense of space, openness, and wellness. 60 Wall Street offers large, efficient floor plates of 30-60k square feet, with above-standard ceiling heights and outdoor space. With sweeping views that thrill and inspire across Manhattan and a welcoming public atrium, 60 Wall Street thrives on the energy of a place undergoing transformation.",Office,Entire Floor 38,33601,Upon request,Leasing,Peter Brindley,pbrindley@pgre.com,212.237.3156,https://www.pgre.com/properties/3314548,2026-07-22T19:05:46Z,,40.7064,-74.0084,https://cdn-paramount-group.reol.com/paramount_group/img/7cfc4825294971fe109e904fb3f51f0389e7ff2f+720++0/60wall_buildingdaylight_427x640.jpg
Paramount Group,60 Wall Street,60 Wall Street,"Originally designed in 1989 by Kevin Roche John Dinkeloo & Associates, 60 Wall Street is one of the Financial District’s finest Class A office towers. This 1.6 million square foot, forty-seven-story office building is being redeveloped in 2022 into an open, welcoming, state-of- the-art property located just steps from the New York Stock Exchange. Its impressive, transformed lobby and public atrium feature lush greenery and abundant light to promote a sense of space, openness, and wellness. 60 Wall Street offers large, efficient floor plates of 30-60k square feet, with above-standard ceiling heights and outdoor space. With sweeping views that thrill and inspire across Manhattan and a welcoming public atrium, 60 Wall Street thrives on the energy of a place undergoing transformation.",Office,Entire Floor 39,31915,Upon request,Leasing,Peter Brindley,pbrindley@pgre.com,212.237.3156,https://www.pgre.com/properties/3314548,2026-07-22T19:05:46Z,,40.7064,-74.0084,https://cdn-paramount-group.reol.com/paramount_group/img/7cfc4825294971fe109e904fb3f51f0389e7ff2f+720++0/60wall_buildingdaylight_427x640.jpg
Paramount Group,60 Wall Street,60 Wall Street,"Originally designed in 1989 by Kevin Roche John Dinkeloo & Associates, 60 Wall Street is one of the Financial District’s finest Class A office towers. This 1.6 million square foot, forty-seven-story office building is being redeveloped in 2022 into an open, welcoming, state-of- the-art property located just steps from the New York Stock Exchange. Its impressive, transformed lobby and public atrium feature lush greenery and abundant light to promote a sense of space, openness, and wellness. 60 Wall Street offers large, efficient floor plates of 30-60k square feet, with above-standard ceiling heights and outdoor space. With sweeping views that thrill and inspire across Manhattan and a welcoming public atrium, 60 Wall Street thrives on the energy of a place undergoing transformation.",Office,Entire Floor 40,31300,Upon request,Leasing,Peter Brindley,pbrindley@pgre.com,212.237.3156,https://www.pgre.com/properties/3314548,2026-07-22T19:05:46Z,,40.7064,-74.0084,https://cdn-paramount-group.reol.com/paramount_group/img/7cfc4825294971fe109e904fb3f51f0389e7ff2f+720++0/60wall_buildingdaylight_427x640.jpg
Paramount Group,60 Wall Street,60 Wall Street,"Originally designed in 1989 by Kevin Roche John Dinkeloo & Associates, 60 Wall Street is one of the Financial District’s finest Class A office towers. This 1.6 million square foot, forty-seven-story office building is being redeveloped in 2022 into an open, welcoming, state-of- the-art property located just steps from the New York Stock Exchange. Its impressive, transformed lobby and public atrium feature lush greenery and abundant light to promote a sense of space, openness, and wellness. 60 Wall Street offers large, efficient floor plates of 30-60k square feet, with above-standard ceiling heights and outdoor space. With sweeping views that thrill and inspire across Manhattan and a welcoming public atrium, 60 Wall Street thrives on the energy of a place undergoing transformation.",Office,Entire Floor 41,31261,Upon request,Leasing,Peter Brindley,pbrindley@pgre.com,212.237.3156,https://www.pgre.com/properties/3314548,2026-07-22T19:05:46Z,,40.7064,-74.0084,https://cdn-paramount-group.reol.com/paramount_group/img/7cfc4825294971fe109e904fb3f51f0389e7ff2f+720++0/60wall_buildingdaylight_427x640.jpg
Paramount Group,60 Wall Street,60 Wall Street,"Originally designed in 1989 by Kevin Roche John Dinkeloo & Associates, 60 Wall Street is one of the Financial District’s finest Class A office towers. This 1.6 million square foot, forty-seven-story office building is being redeveloped in 2022 into an open, welcoming, state-of- the-art property located just steps from the New York Stock Exchange. Its impressive, transformed lobby and public atrium feature lush greenery and abundant light to promote a sense of space, openness, and wellness. 60 Wall Street offers large, efficient floor plates of 30-60k square feet, with above-standard ceiling heights and outdoor space. With sweeping views that thrill and inspire across Manhattan and a welcoming public atrium, 60 Wall Street thrives on the energy of a place undergoing transformation.",Office,Entire Floor 42,31252,Upon request,Leasing,Peter Brindley,pbrindley@pgre.com,212.237.3156,https://www.pgre.com/properties/3314548,2026-07-22T19:05:46Z,,40.7064,-74.0084,https://cdn-paramount-group.reol.com/paramount_group/img/7cfc4825294971fe109e904fb3f51f0389e7ff2f+720++0/60wall_buildingdaylight_427x640.jpg
Paramount Group,60 Wall Street,60 Wall Street,"Originally designed in 1989 by Kevin Roche John Dinkeloo & Associates, 60 Wall Street is one of the Financial District’s finest Class A office towers. This 1.6 million square foot, forty-seven-story office building is being redeveloped in 2022 into an open, welcoming, state-of- the-art property located just steps from the New York Stock Exchange. Its impressive, transformed lobby and public atrium feature lush greenery and abundant light to promote a sense of space, openness, and wellness. 60 Wall Street offers large, efficient floor plates of 30-60k square feet, with above-standard ceiling heights and outdoor space. With sweeping views that thrill and inspire across Manhattan and a welcoming public atrium, 60 Wall Street thrives on the energy of a place undergoing transformation.",Office,Entire Floor 43,31307,Upon request,Leasing,Peter Brindley,pbrindley@pgre.com,212.237.3156,https://www.pgre.com/properties/3314548,2026-07-22T19:05:46Z,,40.7064,-74.0084,https://cdn-paramount-group.reol.com/paramount_group/img/7cfc4825294971fe109e904fb3f51f0389e7ff2f+720++0/60wall_buildingdaylight_427x640.jpg
Paramount Group,60 Wall Street,60 Wall Street,"Originally designed in 1989 by Kevin Roche John Dinkeloo & Associates, 60 Wall Street is one of the Financial District’s finest Class A office towers. This 1.6 million square foot, forty-seven-story office building is being redeveloped in 2022 into an open, welcoming, state-of- the-art property located just steps from the New York Stock Exchange. Its impressive, transformed lobby and public atrium feature lush greenery and abundant light to promote a sense of space, openness, and wellness. 60 Wall Street offers large, efficient floor plates of 30-60k square feet, with above-standard ceiling heights and outdoor space. With sweeping views that thrill and inspire across Manhattan and a welcoming public atrium, 60 Wall Street thrives on the energy of a place undergoing transformation.",Office,Entire Floor 44,31217,Upon request,Leasing,Peter Brindley,pbrindley@pgre.com,212.237.3156,https://www.pgre.com/properties/3314548,2026-07-22T19:05:46Z,,40.7064,-74.0084,https://cdn-paramount-group.reol.com/paramount_group/img/7cfc4825294971fe109e904fb3f51f0389e7ff2f+720++0/60wall_buildingdaylight_427x640.jpg
Paramount Group,60 Wall Street,60 Wall Street,"Originally designed in 1989 by Kevin Roche John Dinkeloo & Associates, 60 Wall Street is one of the Financial District’s finest Class A office towers. This 1.6 million square foot, forty-seven-story office building is being redeveloped in 2022 into an open, welcoming, state-of- the-art property located just steps from the New York Stock Exchange. Its impressive, transformed lobby and public atrium feature lush greenery and abundant light to promote a sense of space, openness, and wellness. 60 Wall Street offers large, efficient floor plates of 30-60k square feet, with above-standard ceiling heights and outdoor space. With sweeping views that thrill and inspire across Manhattan and a welcoming public atrium, 60 Wall Street thrives on the energy of a place undergoing transformation.",Office,Entire Floor 45,31238,Upon request,Leasing,Peter Brindley,pbrindley@pgre.com,212.237.3156,https://www.pgre.com/properties/3314548,2026-07-22T19:05:46Z,,40.7064,-74.0084,https://cdn-paramount-group.reol.com/paramount_group/img/7cfc4825294971fe109e904fb3f51f0389e7ff2f+720++0/60wall_buildingdaylight_427x640.jpg
Paramount Group,60 Wall Street,60 Wall Street,"Originally designed in 1989 by Kevin Roche John Dinkeloo & Associates, 60 Wall Street is one of the Financial District’s finest Class A office towers. This 1.6 million square foot, forty-seven-story office building is being redeveloped in 2022 into an open, welcoming, state-of- the-art property located just steps from the New York Stock Exchange. Its impressive, transformed lobby and public atrium feature lush greenery and abundant light to promote a sense of space, openness, and wellness. 60 Wall Street offers large, efficient floor plates of 30-60k square feet, with above-standard ceiling heights and outdoor space. With sweeping views that thrill and inspire across Manhattan and a welcoming public atrium, 60 Wall Street thrives on the energy of a place undergoing transformation.",Office,Entire Floor 46,31828,Upon request,Leasing,Peter Brindley,pbrindley@pgre.com,212.237.3156,https://www.pgre.com/properties/3314548,2026-07-22T19:05:46Z,,40.7064,-74.0084,https://cdn-paramount-group.reol.com/paramount_group/img/7cfc4825294971fe109e904fb3f51f0389e7ff2f+720++0/60wall_buildingdaylight_427x640.jpg
Paramount Group,60 Wall Street,60 Wall Street,"Originally designed in 1989 by Kevin Roche John Dinkeloo & Associates, 60 Wall Street is one of the Financial District’s finest Class A office towers. This 1.6 million square foot, forty-seven-story office building is being redeveloped in 2022 into an open, welcoming, state-of- the-art property located just steps from the New York Stock Exchange. Its impressive, transformed lobby and public atrium feature lush greenery and abundant light to promote a sense of space, openness, and wellness. 60 Wall Street offers large, efficient floor plates of 30-60k square feet, with above-standard ceiling heights and outdoor space. With sweeping views that thrill and inspire across Manhattan and a welcoming public atrium, 60 Wall Street thrives on the energy of a place undergoing transformation.",Office,Entire Floor 47,32747,Upon request,Leasing,Peter Brindley,pbrindley@pgre.com,212.237.3156,https://www.pgre.com/properties/3314548,2026-07-22T19:05:46Z,,40.7064,-74.0084,https://cdn-paramount-group.reol.com/paramount_group/img/7cfc4825294971fe109e904fb3f51f0389e7ff2f+720++0/60wall_buildingdaylight_427x640.jpg
Paramount Group,745 Fifth Avenue,745 Fifth Avenue,"This elite thirty-five-story Plaza District building, located steps from Central Park and directly across from the Plaza Hotel, features an impressive art deco lobby and sweeping views of Central Park and Grand Army Plaza. The building’s first three floors are home to Bergdorf Goodman Men’s Store, a leading men’s clothing store.",Office,Entire Floor 6,26781,Upon request,Leasing,Peter Brindley,pbrindley@pgre.com,212.237.3156,https://www.pgre.com/properties/3314549,2026-07-22T19:05:46Z,,40.76334,-73.97348,https://cdn-paramount-group.reol.com/paramount_group/img/9c4069cffeb1af5b235508fe233efe550154fdaa+720++0/paramountnyc_ewing_2927_05_31_22.jpg
Paramount Group,745 Fifth Avenue,745 Fifth Avenue,"This elite thirty-five-story Plaza District building, located steps from Central Park and directly across from the Plaza Hotel, features an impressive art deco lobby and sweeping views of Central Park and Grand Army Plaza. The building’s first three floors are home to Bergdorf Goodman Men’s Store, a leading men’s clothing store.",Office,Entire Floor 7,22624,Upon request,Leasing,Peter Brindley,pbrindley@pgre.com,212.237.3156,https://www.pgre.com/properties/3314549,2026-07-22T19:05:46Z,,40.76334,-73.97348,https://cdn-paramount-group.reol.com/paramount_group/img/9c4069cffeb1af5b235508fe233efe550154fdaa+720++0/paramountnyc_ewing_2927_05_31_22.jpg
Paramount Group,745 Fifth Avenue,745 Fifth Avenue,"This elite thirty-five-story Plaza District building, located steps from Central Park and directly across from the Plaza Hotel, features an impressive art deco lobby and sweeping views of Central Park and Grand Army Plaza. The building’s first three floors are home to Bergdorf Goodman Men’s Store, a leading men’s clothing store.",Office,Entire Floor 9,22360,Upon request,Leasing,Peter Brindley,pbrindley@pgre.com,212.237.3156,https://www.pgre.com/properties/3314549,2026-07-22T19:05:46Z,,40.76334,-73.97348,https://cdn-paramount-group.reol.com/paramount_group/img/9c4069cffeb1af5b235508fe233efe550154fdaa+720++0/paramountnyc_ewing_2927_05_31_22.jpg
Paramount Group,745 Fifth Avenue,745 Fifth Avenue,"This elite thirty-five-story Plaza District building, located steps from Central Park and directly across from the Plaza Hotel, features an impressive art deco lobby and sweeping views of Central Park and Grand Army Plaza. The building’s first three floors are home to Bergdorf Goodman Men’s Store, a leading men’s clothing store.",Office,Partial Floor 9,10324,Upon request,Leasing,Peter Brindley,pbrindley@pgre.com,212.237.3156,https://www.pgre.com/properties/3314549,2026-07-22T19:05:46Z,,40.76334,-73.97348,https://cdn-paramount-group.reol.com/paramount_group/img/9c4069cffeb1af5b235508fe233efe550154fdaa+720++0/paramountnyc_ewing_2927_05_31_22.jpg
Paramount Group,745 Fifth Avenue,745 Fifth Avenue,"This elite thirty-five-story Plaza District building, located steps from Central Park and directly across from the Plaza Hotel, features an impressive art deco lobby and sweeping views of Central Park and Grand Army Plaza. The building’s first three floors are home to Bergdorf Goodman Men’s Store, a leading men’s clothing store.",Office,Partial Floor 16,4134,Upon request,Leasing,Peter Brindley,pbrindley@pgre.com,212.237.3156,https://www.pgre.com/properties/3314549,2026-07-22T19:05:46Z,,40.76334,-73.97348,https://cdn-paramount-group.reol.com/paramount_group/img/9c4069cffeb1af5b235508fe233efe550154fdaa+720++0/paramountnyc_ewing_2927_05_31_22.jpg
Paramount Group,745 Fifth Avenue,745 Fifth Avenue,"This elite thirty-five-story Plaza District building, located steps from Central Park and directly across from the Plaza Hotel, features an impressive art deco lobby and sweeping views of Central Park and Grand Army Plaza. The building’s first three floors are home to Bergdorf Goodman Men’s Store, a leading men’s clothing store.",Office,Partial Floor 16,4000,Upon request,Leasing,Peter Brindley,pbrindley@pgre.com,212.237.3156,https://www.pgre.com/properties/3314549,2026-07-22T19:05:46Z,,40.76334,-73.97348,https://cdn-paramount-group.reol.com/paramount_group/img/9c4069cffeb1af5b235508fe233efe550154fdaa+720++0/paramountnyc_ewing_2927_05_31_22.jpg
Paramount Group,745 Fifth Avenue,745 Fifth Avenue,"This elite thirty-five-story Plaza District building, located steps from Central Park and directly across from the Plaza Hotel, features an impressive art deco lobby and sweeping views of Central Park and Grand Army Plaza. The building’s first three floors are home to Bergdorf Goodman Men’s Store, a leading men’s clothing store.",Office,Partial Floor 17,4768,Upon request,Leasing,Peter Brindley,pbrindley@pgre.com,212.237.3156,https://www.pgre.com/properties/3314549,2026-07-22T19:05:46Z,,40.76334,-73.97348,https://cdn-paramount-group.reol.com/paramount_group/img/9c4069cffeb1af5b235508fe233efe550154fdaa+720++0/paramountnyc_ewing_2927_05_31_22.jpg
Paramount Group,745 Fifth Avenue,745 Fifth Avenue,"This elite thirty-five-story Plaza District building, located steps from Central Park and directly across from the Plaza Hotel, features an impressive art deco lobby and sweeping views of Central Park and Grand Army Plaza. The building’s first three floors are home to Bergdorf Goodman Men’s Store, a leading men’s clothing store.",Office,Partial Floor 17,4305,Upon request,Leasing,Peter Brindley,pbrindley@pgre.com,212.237.3156,https://www.pgre.com/properties/3314549,2026-07-22T19:05:46Z,,40.76334,-73.97348,https://cdn-paramount-group.reol.com/paramount_group/img/9c4069cffeb1af5b235508fe233efe550154fdaa+720++0/paramountnyc_ewing_2927_05_31_22.jpg
Paramount Group,745 Fifth Avenue,745 Fifth Avenue,"This elite thirty-five-story Plaza District building, located steps from Central Park and directly across from the Plaza Hotel, features an impressive art deco lobby and sweeping views of Central Park and Grand Army Plaza. The building’s first three floors are home to Bergdorf Goodman Men’s Store, a leading men’s clothing store.",Office,Entire Floor 18,14427,Upon request,Leasing,Peter Brindley,pbrindley@pgre.com,212.237.3156,https://www.pgre.com/properties/3314549,2026-07-22T19:05:46Z,,40.76334,-73.97348,https://cdn-paramount-group.reol.com/paramount_group/img/9c4069cffeb1af5b235508fe233efe550154fdaa+720++0/paramountnyc_ewing_2927_05_31_22.jpg
Paramount Group,745 Fifth Avenue,745 Fifth Avenue,"This elite thirty-five-story Plaza District building, located steps from Central Park and directly across from the Plaza Hotel, features an impressive art deco lobby and sweeping views of Central Park and Grand Army Plaza. The building’s first three floors are home to Bergdorf Goodman Men’s Store, a leading men’s clothing store.",Office,Entire Floor 21,14048,Upon request,Leasing,Peter Brindley,pbrindley@pgre.com,212.237.3156,https://www.pgre.com/properties/3314549,2026-07-22T19:05:46Z,,40.76334,-73.97348,https://cdn-paramount-group.reol.com/paramount_group/img/9c4069cffeb1af5b235508fe233efe550154fdaa+720++0/paramountnyc_ewing_2927_05_31_22.jpg
Paramount Group,745 Fifth Avenue,745 Fifth Avenue,"This elite thirty-five-story Plaza District building, located steps from Central Park and directly across from the Plaza Hotel, features an impressive art deco lobby and sweeping views of Central Park and Grand Army Plaza. The building’s first three floors are home to Bergdorf Goodman Men’s Store, a leading men’s clothing store.",Office,Entire Floor 22,13811,Upon request,Leasing,Peter Brindley,pbrindley@pgre.com,212.237.3156,https://www.pgre.com/properties/3314549,2026-07-22T19:05:46Z,,40.76334,-73.97348,https://cdn-paramount-group.reol.com/paramount_group/img/9c4069cffeb1af5b235508fe233efe550154fdaa+720++0/paramountnyc_ewing_2927_05_31_22.jpg
Paramount Group,745 Fifth Avenue,745 Fifth Avenue,"This elite thirty-five-story Plaza District building, located steps from Central Park and directly across from the Plaza Hotel, features an impressive art deco lobby and sweeping views of Central Park and Grand Army Plaza. The building’s first three floors are home to Bergdorf Goodman Men’s Store, a leading men’s clothing store.",Office,Entire Floor 23,13818,Upon request,Leasing,Peter Brindley,pbrindley@pgre.com,212.237.3156,https://www.pgre.com/properties/3314549,2026-07-22T19:05:46Z,,40.76334,-73.97348,https://cdn-paramount-group.reol.com/paramount_group/img/9c4069cffeb1af5b235508fe233efe550154fdaa+720++0/paramountnyc_ewing_2927_05_31_22.jpg
Paramount Group,745 Fifth Avenue,745 Fifth Avenue,"This elite thirty-five-story Plaza District building, located steps from Central Park and directly across from the Plaza Hotel, features an impressive art deco lobby and sweeping views of Central Park and Grand Army Plaza. The building’s first three floors are home to Bergdorf Goodman Men’s Store, a leading men’s clothing store.",Office,Entire Floor 24,13448,Upon request,Leasing,Peter Brindley,pbrindley@pgre.com,212.237.3156,https://www.pgre.com/properties/3314549,2026-07-22T19:05:46Z,,40.76334,-73.97348,https://cdn-paramount-group.reol.com/paramount_group/img/9c4069cffeb1af5b235508fe233efe550154fdaa+720++0/paramountnyc_ewing_2927_05_31_22.jpg
Paramount Group,745 Fifth Avenue,745 Fifth Avenue,"This elite thirty-five-story Plaza District building, located steps from Central Park and directly across from the Plaza Hotel, features an impressive art deco lobby and sweeping views of Central Park and Grand Army Plaza. The building’s first three floors are home to Bergdorf Goodman Men’s Store, a leading men’s clothing store.",Office,Entire Floor 32,6200,Upon request,Leasing,Peter Brindley,pbrindley@pgre.com,212.237.3156,https://www.pgre.com/properties/3314549,2026-07-22T19:05:46Z,,40.76334,-73.97348,https://cdn-paramount-group.reol.com/paramount_group/img/9c4069cffeb1af5b235508fe233efe550154fdaa+720++0/paramountnyc_ewing_2927_05_31_22.jpg
Paramount Group,745 Fifth Avenue,745 Fifth Avenue,"This elite thirty-five-story Plaza District building, located steps from Central Park and directly across from the Plaza Hotel, features an impressive art deco lobby and sweeping views of Central Park and Grand Army Plaza. The building’s first three floors are home to Bergdorf Goodman Men’s Store, a leading men’s clothing store.",Office,Entire Floor 33,6200,Upon request,Leasing,Peter Brindley,pbrindley@pgre.com,212.237.3156,https://www.pgre.com/properties/3314549,2026-07-22T19:05:46Z,,40.76334,-73.97348,https://cdn-paramount-group.reol.com/paramount_group/img/9c4069cffeb1af5b235508fe233efe550154fdaa+720++0/paramountnyc_ewing_2927_05_31_22.jpg
Paramount Group,900 Third Avenue,900 Third Avenue,"Designed by Cesar Pelli, Viñoly Design Architects and Emery Roth and Sons, 900 Third Avenue is an impressive, thirty-six-story Class A office tower with approximately 600,000 square feet that attracts leading tenants across a variety of industries. The property’s highly efficient floor plates, exceptional light and views and superior location distinguish it as a premier building on Third Avenue. Within steps the property, there is access to eight subway lines, and Grand Central Terminal.",Office,Floor 1,5870,Upon request,Leasing,Peter Brindley,pbrindley@pgre.com,212.237.3156,https://www.pgre.com/properties/3314547,2026-07-22T19:05:46Z,,40.75882,-73.96915,https://cdn-paramount-group.reol.com/paramount_group/img/1df0e14fb8c07468363d454b6d437f70713d9ba1+720++0/paramountnyc_ewing_3425.jpg
Paramount Group,900 Third Avenue,900 Third Avenue,"Designed by Cesar Pelli, Viñoly Design Architects and Emery Roth and Sons, 900 Third Avenue is an impressive, thirty-six-story Class A office tower with approximately 600,000 square feet that attracts leading tenants across a variety of industries. The property’s highly efficient floor plates, exceptional light and views and superior location distinguish it as a premier building on Third Avenue. Within steps the property, there is access to eight subway lines, and Grand Central Terminal.",Office,Partial Floor 2,16951,Upon request,Leasing,Peter Brindley,pbrindley@pgre.com,212.237.3156,https://www.pgre.com/properties/3314547,2026-07-22T19:05:46Z,,40.75882,-73.96915,https://cdn-paramount-group.reol.com/paramount_group/img/1df0e14fb8c07468363d454b6d437f70713d9ba1+720++0/paramountnyc_ewing_3425.jpg
Paramount Group,900 Third Avenue,900 Third Avenue,"Designed by Cesar Pelli, Viñoly Design Architects and Emery Roth and Sons, 900 Third Avenue is an impressive, thirty-six-story Class A office tower with approximately 600,000 square feet that attracts leading tenants across a variety of industries. The property’s highly efficient floor plates, exceptional light and views and superior location distinguish it as a premier building on Third Avenue. Within steps the property, there is access to eight subway lines, and Grand Central Terminal.",Office,Floor 2,4770,Upon request,Leasing,Peter Brindley,pbrindley@pgre.com,212.237.3156,https://www.pgre.com/properties/3314547,2026-07-22T19:05:46Z,,40.75882,-73.96915,https://cdn-paramount-group.reol.com/paramount_group/img/1df0e14fb8c07468363d454b6d437f70713d9ba1+720++0/paramountnyc_ewing_3425.jpg
Paramount Group,900 Third Avenue,900 Third Avenue,"Designed by Cesar Pelli, Viñoly Design Architects and Emery Roth and Sons, 900 Third Avenue is an impressive, thirty-six-story Class A office tower with approximately 600,000 square feet that attracts leading tenants across a variety of industries. The property’s highly efficient floor plates, exceptional light and views and superior location distinguish it as a premier building on Third Avenue. Within steps the property, there is access to eight subway lines, and Grand Central Terminal.",Office,Partial Floor 4,7151,Upon request,Leasing,Peter Brindley,pbrindley@pgre.com,212.237.3156,https://www.pgre.com/properties/3314547,2026-07-22T19:05:46Z,,40.75882,-73.96915,https://cdn-paramount-group.reol.com/paramount_group/img/1df0e14fb8c07468363d454b6d437f70713d9ba1+720++0/paramountnyc_ewing_3425.jpg
Paramount Group,900 Third Avenue,900 Third Avenue,"Designed by Cesar Pelli, Viñoly Design Architects and Emery Roth and Sons, 900 Third Avenue is an impressive, thirty-six-story Class A office tower with approximately 600,000 square feet that attracts leading tenants across a variety of industries. The property’s highly efficient floor plates, exceptional light and views and superior location distinguish it as a premier building on Third Avenue. Within steps the property, there is access to eight subway lines, and Grand Central Terminal.",Office,Partial Floor 4,5864,Upon request,Leasing,Peter Brindley,pbrindley@pgre.com,212.237.3156,https://www.pgre.com/properties/3314547,2026-07-22T19:05:46Z,,40.75882,-73.96915,https://cdn-paramount-group.reol.com/paramount_group/img/1df0e14fb8c07468363d454b6d437f70713d9ba1+720++0/paramountnyc_ewing_3425.jpg
Paramount Group,900 Third Avenue,900 Third Avenue,"Designed by Cesar Pelli, Viñoly Design Architects and Emery Roth and Sons, 900 Third Avenue is an impressive, thirty-six-story Class A office tower with approximately 600,000 square feet that attracts leading tenants across a variety of industries. The property’s highly efficient floor plates, exceptional light and views and superior location distinguish it as a premier building on Third Avenue. Within steps the property, there is access to eight subway lines, and Grand Central Terminal.",Office,Partial Floor 10A,2890,Upon request,Leasing,Peter Brindley,pbrindley@pgre.com,212.237.3156,https://www.pgre.com/properties/3314547,2026-07-22T19:05:46Z,,40.75882,-73.96915,https://cdn-paramount-group.reol.com/paramount_group/img/1df0e14fb8c07468363d454b6d437f70713d9ba1+720++0/paramountnyc_ewing_3425.jpg
Paramount Group,900 Third Avenue,900 Third Avenue,"Designed by Cesar Pelli, Viñoly Design Architects and Emery Roth and Sons, 900 Third Avenue is an impressive, thirty-six-story Class A office tower with approximately 600,000 square feet that attracts leading tenants across a variety of industries. The property’s highly efficient floor plates, exceptional light and views and superior location distinguish it as a premier building on Third Avenue. Within steps the property, there is access to eight subway lines, and Grand Central Terminal.",Office,Partial Floor 22,8944,Upon request,Leasing,Peter Brindley,pbrindley@pgre.com,212.237.3156,https://www.pgre.com/properties/3314547,2026-07-22T19:05:46Z,,40.75882,-73.96915,https://cdn-paramount-group.reol.com/paramount_group/img/1df0e14fb8c07468363d454b6d437f70713d9ba1+720++0/paramountnyc_ewing_3425.jpg
