landlord,building_name,address,description,space_type,floor_suite,size_sqft,rent,contact_role,contact_name,contact_email,contact_phone,source_url,scraped_at,neighborhood,lat,lng,image_url
Empire State Realty Trust,Empire State Building,350 Fifth Avenue,"Whitebox space; Full floor; available 01-01-2027. At Empire State Building, 350 Fifth Avenue.",Office,Entire,25147,Upon request,Book a tour,,,,https://www.esrtreit.com/spaces/empire-state-building-30-floor-ste-3000p/,2026-07-21T02:38:01Z,,40.748441,-73.985656,https://www.esrtreit.com/wp-content/uploads/iStock-611301950-scaled.jpg
Empire State Realty Trust,Empire State Building,350 Fifth Avenue,"Whitebox space; Full floor; available Immediate. At Empire State Building, 350 Fifth Avenue.",Office,Entire,20375,Upon request,Book a tour,,,,https://www.esrtreit.com/spaces/empire-state-building-41-floor-ste-4100/,2026-07-21T02:38:01Z,,40.748441,-73.985656,https://esrtreit.bynder.com/asset/664be9a4-6ec6-4870-95c9-85a5bf304e86/thumbnail/webimage-ESB-4100
Empire State Realty Trust,Empire State Building,350 Fifth Avenue,"Prebuilt space; available Immediate. At Empire State Building, 350 Fifth Avenue.",Office,Suite 4300,5621,Upon request,Book a tour,,,,https://www.esrtreit.com/spaces/empire-state-building-43-floor-ste-4300/,2026-07-21T02:38:01Z,,40.748441,-73.985656,https://esrtreit.bynder.com/asset/abc8ca20-817a-4944-acb5-e03c185815ad/thumbnail/webimage-ESB-4300
Empire State Realty Trust,One Grand Central Place,60 East 42nd Street,"Whitebox space; Full floor; available Immediate. At One Grand Central Place, 60 East 42nd Street.",Office,Entire,39556,Upon request,Book a tour,,,,https://www.esrtreit.com/spaces/one-grand-central-place-05-floor-ste-500/,2026-07-21T02:38:01Z,,40.752114,-73.978769,https://esrtreit.bynder.com/m/7fa0353bfc99b8a2/webimage-ogcp-500p.png
Empire State Realty Trust,One Grand Central Place,60 East 42nd Street,"Prebuilt space; available 10-01-2026. At One Grand Central Place, 60 East 42nd Street.",Office,Suite 1310,2948,Upon request,Book a tour,,,,https://www.esrtreit.com/spaces/one-grand-central-place-13-floor-ste-1310/,2026-07-21T02:38:01Z,,40.752114,-73.978769,https://www.esrtreit.com/wp-content/uploads/shoootin-photo-5_2-scaled.jpg
Empire State Realty Trust,One Grand Central Place,60 East 42nd Street,"Prebuilt space; available Immediate. At One Grand Central Place, 60 East 42nd Street.",Office,Suite 1320,5772,Upon request,Book a tour,,,,https://www.esrtreit.com/spaces/one-grand-central-place-13-floor-ste-1320/,2026-07-21T02:38:01Z,,40.752114,-73.978769,https://esrtreit.bynder.com/m/54ca662323ebdac5/webimage-ogcp-1320.png
Empire State Realty Trust,130 Mercer,130 Mercer,"Full Floor space; Full floor; available Immediate. At 130 Mercer, 130 Mercer.",Office,Entire,37258,Upon request,Book a tour,,,,https://www.esrtreit.com/spaces/130-mercer-street-4-floor-ste-400/,2026-07-21T02:38:01Z,,40.724106,-73.998508,https://esrtreit.bynder.com/m/5de7eba7f9f6cfda/webimage-130M-400.png
Empire State Realty Trust,130 Mercer,130 Mercer,"Full Floor space; Full floor; available Immediate. At 130 Mercer, 130 Mercer.",Office,Entire,37258,Upon request,Book a tour,,,,https://www.esrtreit.com/spaces/130-mercer-street-5-floor-ste-500/,2026-07-21T02:38:01Z,,40.724106,-73.998508,https://esrtreit.bynder.com/m/7ec36e3c844acdfb/webimage-130M-500.png
Empire State Realty Trust,111 West 33rd Street,111 West 33rd Street,"Existing Installation space; available 11-01-2026. At 111 West 33rd Street, 111 West 33rd Street.",Office,Suite 1520P,2884,Upon request,Book a tour,,,,https://www.esrtreit.com/spaces/111-west-33rd-street-15-floor-ste-1520p/,2026-07-21T02:38:01Z,,40.749814,-73.989081,https://www.esrtreit.com/wp-content/uploads/111-33rd-street-exterior-scaled.jpg
Empire State Realty Trust,111 West 33rd Street,111 West 33rd Street,"Full Floor space; Full floor; available 01-01-2028. At 111 West 33rd Street, 111 West 33rd Street.",Office,Entire,28914,Upon request,Book a tour,,,,https://www.esrtreit.com/spaces/111-west-33rd-street-17-floor-ste-1700/,2026-07-21T02:38:01Z,,40.749814,-73.989081,https://www.esrtreit.com/wp-content/uploads/111-33rd-street-exterior-scaled.jpg
Empire State Realty Trust,111 West 33rd Street,111 West 33rd Street,"Full Floor space; Full floor; available 01-01-2028. At 111 West 33rd Street, 111 West 33rd Street.",Office,Entire,23360,Upon request,Book a tour,,,,https://www.esrtreit.com/spaces/111-west-33rd-street-18-floor-ste-1800/,2026-07-21T02:38:01Z,,40.749814,-73.989081,https://www.esrtreit.com/wp-content/uploads/111-33rd-street-exterior-scaled.jpg
Empire State Realty Trust,501 Seventh Avenue,501 Seventh Avenue,"Prebuilt space; available Immediate. At 501 Seventh Avenue, 501 Seventh Avenue.",Office,Suite 200,4475,Upon request,Book a tour,,,,https://www.esrtreit.com/spaces/501-seventh-avenue-02-floor-ste-200/,2026-07-21T02:38:01Z,,40.752866,-73.988554,https://www.esrtreit.com/wp-content/uploads/20180821_ESR_501Seventh_030-1-scaled.jpg
Empire State Realty Trust,501 Seventh Avenue,501 Seventh Avenue,"Prebuilt space; available Immediate. At 501 Seventh Avenue, 501 Seventh Avenue.",Office,Suite 210,12352,Upon request,Book a tour,,,,https://www.esrtreit.com/spaces/501-seventh-avenue-02-floor-ste-210/,2026-07-21T02:38:01Z,,40.752866,-73.988554,https://esrtreit.bynder.com/asset/f564cf62-4b94-49a8-9c66-937328b14ad3/thumbnail/webimage-501-210
Empire State Realty Trust,501 Seventh Avenue,501 Seventh Avenue,"PIO space; available Immediate. At 501 Seventh Avenue, 501 Seventh Avenue.",Office,Suite 220,4504,Upon request,Book a tour,,,,https://www.esrtreit.com/spaces/501-seventh-avenue-02-floor-ste-220/,2026-07-21T02:38:01Z,,40.752866,-73.988554,https://esrtreit.bynder.com/m/a2460bbfa197bbdb/webimage-501-Seventh-Avenue-Amenities-VTS-TN.png
Empire State Realty Trust,1400 Broadway,1400 Broadway,"Whitebox space; Full floor; available Immediate. At 1400 Broadway, 1400 Broadway.",Office,Entire,15086,Upon request,Book a tour,,,,https://www.esrtreit.com/spaces/1400-broadway-30-floor-ste-3000/,2026-07-21T02:38:01Z,,40.752961,-73.986759,https://esrtreit.bynder.com/m/3775ddd8569707b6/webimage-1400-3000.png
Empire State Realty Trust,1400 Broadway,1400 Broadway,"Full Floor space; Full floor; available Immediate. At 1400 Broadway, 1400 Broadway.",Office,Entire,13932,Upon request,Book a tour,,,,https://www.esrtreit.com/spaces/1400-broadway-33-floor-ste-3300/,2026-07-21T02:38:01Z,,40.752961,-73.986759,https://esrtreit.bynder.com/asset/bf03d4dd-0e0b-4795-b7ba-c8678e4bb2d3/thumbnail/webimage-1400-3300
Empire State Realty Trust,1359 Broadway,1359 Broadway,"Whitebox space; Full floor; available Immediate. At 1359 Broadway, 1359 Broadway.",Office,Entire,24212,Upon request,Book a tour,,,,https://www.esrtreit.com/spaces/1359-broadway-07-floor-ste-700/,2026-07-21T02:38:01Z,,40.751895,-73.988002,https://esrtreit.bynder.com/m/3b7a6eaeff73a641/webimage-1359-700.png
Empire State Realty Trust,1350 Broadway,1350 Broadway,"Prebuilt space; available 12-01-2026. At 1350 Broadway, 1350 Broadway.",Office,Suite 2400,5503,Upon request,Book a tour,,,,https://www.esrtreit.com/spaces/1350-broadway-24-floor-ste-2400/,2026-07-21T02:38:01Z,,40.750946,-73.987325,https://www.esrtreit.com/wp-content/uploads/20180821_ESR_1350Broadway_001-scaled.jpg
Empire State Realty Trust,1333 Broadway,1333 Broadway,"Prebuilt space; available Immediate. At 1333 Broadway, 1333 Broadway.",Office,Suite 310,20340,Upon request,Book a tour,,,,https://www.esrtreit.com/spaces/1333-broadway-03-floor-ste-310/,2026-07-21T02:38:01Z,,40.751186,-73.988203,https://esrtreit.bynder.com/m/7df65e333bea071e/webimage-1333-310.png
Empire State Realty Trust,1333 Broadway,1333 Broadway,"Whitebox space; Full floor; available Immediate. At 1333 Broadway, 1333 Broadway.",Office,Entire,29622,Upon request,Book a tour,,,,https://www.esrtreit.com/spaces/1333-broadway-3-floor-ste-300p/,2026-07-21T02:38:01Z,,40.751186,-73.988203,https://esrtreit.bynder.com/m/5e7f71082c8b8b/webimage-1333-300P.png
Empire State Realty Trust,Empire State Building,350 Fifth Avenue,"Whitebox space; available Immediate. At Empire State Building, 350 Fifth Avenue.",Office,Suite 112,3417,Upon request,Book a tour,,,,https://www.esrtreit.com/spaces/empire-state-building-01-floor-ste-112/,2026-07-21T02:38:01Z,,40.748441,-73.985656,https://esrtreit.bynder.com/m/121ce5051b035d55/webimage-esb-112.png
Empire State Realty Trust,Empire State Building,641 SF,"Existing Installation space; available Immediate. At Empire State Building, 641 SF.",Office,Suite 131,641,Upon request,Book a tour,,,,https://www.esrtreit.com/spaces/empire-state-building-01-floor-ste-131/,2026-07-21T02:38:01Z,,40.67437,-73.86448,https://esrtreit.bynder.com/m/52d144660e33a1da/webimage-esb-131.png
Empire State Realty Trust,Empire State Building,350 Fifth Avenue,"space; available Immediate. At Empire State Building, 350 Fifth Avenue.",Office,Suite C05,6262,Upon request,Book a tour,,,,https://www.esrtreit.com/spaces/empire-state-building-co-floor-ste-c05/,2026-07-21T02:38:01Z,,40.748441,-73.985656,https://esrtreit.bynder.com/m/3c4ec2ecfe20cc2b/webimage-esb-C05.png
Empire State Realty Trust,501 Seventh Avenue,501 Seventh Avenue,"space; available Immediate. At 501 Seventh Avenue, 501 Seventh Avenue.",Office,Suite 104,3131,Upon request,Book a tour,,,,https://www.esrtreit.com/spaces/501-seventh-avenue-01-floor-ste-104/,2026-07-21T02:38:01Z,,40.752866,-73.988554,https://esrtreit.bynder.com/m/15d3863895cd5639/webimage-501-104.png
Empire State Realty Trust,501 Seventh Avenue,501 Seventh Avenue,"PIO space; available Immediate. At 501 Seventh Avenue, 501 Seventh Avenue.",Office,Suite 111,2048,Upon request,Book a tour,,,,https://www.esrtreit.com/spaces/501-seventh-avenue-01-floor-ste-111/,2026-07-21T02:38:01Z,,40.752866,-73.988554,https://esrtreit.bynder.com/m/a2460bbfa197bbdb/webimage-501-Seventh-Avenue-Amenities-VTS-TN.png
Empire State Realty Trust,10 Union Square East,10 Union Square East,"Existing Installation space; available Immediate. At 10 Union Square East, 10 Union Square East.",Office,Suite 104,1182,Upon request,Book a tour,,,,https://www.esrtreit.com/spaces/10-union-square-east-01-floor-ste-104/,2026-07-21T02:38:01Z,,40.73467,-73.989158,https://esrtreit.bynder.com/m/333b5bb77fb2d446/webimage-10usret-104.png
Empire State Realty Trust,10 Union Square East,10 Union Square East,"Whitebox space; available Immediate. At 10 Union Square East, 10 Union Square East.",Office,Suite 109,4705,Upon request,Book a tour,,,,https://www.esrtreit.com/spaces/10-union-square-east-01-floor-ste-109/,2026-07-21T02:38:01Z,,40.73467,-73.989158,https://esrtreit.bynder.com/m/62ba2ee855633cb8/webimage-10us-109.png
Empire State Realty Trust,10 Union Square East,10 Union Square East,"Whitebox space; available Immediate. At 10 Union Square East, 10 Union Square East.",Office,Suite 109A,1866,Upon request,Book a tour,,,,https://www.esrtreit.com/spaces/10-union-square-east-01-floor-ste-109a/,2026-07-21T02:38:01Z,,40.73467,-73.989158,https://esrtreit.bynder.com/m/392479a158aa24df/webimage-10usret-109a.png
Empire State Realty Trust,41-55 North 6th Street,41-55 North 6th Street,"Whitebox space; available Immediate. At 41-55 North 6th Street, .",Office,Suite 101,2598,Upon request,Book a tour,,,,https://www.esrtreit.com/spaces/41-55-north-6th-street-1-floor-ste-101/,2026-07-21T02:38:01Z,,,,https://esrtreit.bynder.com/m/716bfce10b9ee16/webimage-41n6-101.png
Empire State Realty Trust,41-55 North 6th Street,981 SF,"Whitebox space; available Immediate. At 41-55 North 6th Street, 981 SF.",Office,Suite 102,981,Upon request,Book a tour,,,,https://www.esrtreit.com/spaces/41-55-north-6th-street-1-floor-ste-102/,2026-07-21T02:38:01Z,,40.67422,-73.87254,https://esrtreit.bynder.com/m/5cb2186409a89ba/webimage-41n6-102.png
Empire State Realty Trust,41-55 North 6th Street,41-55 North 6th Street,"Whitebox space; available Immediate. At 41-55 North 6th Street, .",Office,Suite 103,2823,Upon request,Book a tour,,,,https://www.esrtreit.com/spaces/41-55-north-6th-street-1-floor-ste-103/,2026-07-21T02:38:01Z,,,,https://esrtreit.bynder.com/m/2976991afcfab6cf/webimage-41n6-103.png
Empire State Realty Trust,86-90 North 6th Street,86-90 North 6th Street,"space; available Immediate. At 86-90 North 6th Street, .",Office,Suite 100A,4443,Upon request,Book a tour,,,,https://www.esrtreit.com/spaces/86-90-north-6th-street-1-floor-ste-100-2/,2026-07-21T02:38:01Z,,,,https://esrtreit.bynder.com/m/b7461baadd8c06e2/webimage-86n6ret-100A.png
Empire State Realty Trust,86-90 North 6th Street,86-90 North 6th Street,"space; available Immediate. At 86-90 North 6th Street, .",Office,Suite C110,2849,Upon request,Book a tour,,,,https://www.esrtreit.com/spaces/86-90-north-6th-street-c-floor-ste-c110/,2026-07-21T02:38:01Z,,,,https://esrtreit.bynder.com/m/6cc1416ce287cc50/webimage-86n6ret-C110.png
